no,id,No.,date,month,year,treatment,newsection,distance,cluster,fl,w,bh,bw,k,sex
1,0DDD,2298,2016/8/15,August,2016,late,L2,420,3rd,73,4.8,13,nd,12.33879239,nd
2,0DDD,4372,2017/7/29,July,2017,late,L2,475,3rd,104,12.3,20,12,10.93465521,nd
4,0DDD,4102,2017/5/27,May,2017,late,L2,470,3rd,99,10.6,18,nd,10.92446761,nd
5,0DDP,4768,2017/10/10,October,2017,early ,Einterval,130,NA,136,34.9,30,16.3,13.874224,male
6,0DDP,2303,2016/8/15,August,2016,late,L2,440,NA,76,6.7,15,nd,15.26279341,male
7,0DDP,3249,2017/3/18,March,2017,early ,E2,160,NA,93,10.2,20,nd,12.68093645,male
8,0DDR,2665,2016/8/18,August,2016,control,C2,980,1st,100,11.9,18,nd,11.9,female
9,0DDR,3064,2016/10/12,October,2016,control,C2,980,1st,100,13.2,21,nd,13.2,female
10,0DDY,2249,2016/8/15,August,2016,late,L2,420,1st,106,14,21,nd,11.75466996,nd
11,0DRB,3188,2016/10/13,October,2016,early ,E2,220,2nd,67,3.9,13,nd,12.96702054,male
12,0DRB,4987,2017/10/12,October,2017,early ,E2,210,2nd,145,38.2,31,17.5,12.53023904,male
14,0DRD,5012,2017/10/13,October,2017,control,C1,610,3rd,97,12.4,31,11.4,13.58646525,nd
15,0DRD,2736,2016/8/18,August,2016,control,C1,570,3rd,67,4,12,nd,13.29950825,nd
16,0DRD,3484,2017/3/28,March,2017,control,C1,570,3rd,76,6.4,16,nd,14.57938475,nd
18,0DRD,4134,2017/5/27,May,2017,control,C1,570,3rd,85,9.8,20,nd,15.95766334,nd
19,0DRD,3108,2016/10/12,October,2016,control,C1,570,3rd,77,5.6,14,nd,12.2663641,nd
20,0DRD,4401,2017/7/29,July,2017,control,C1,590,3rd,97,13.7,24,12.2,15.01085274,nd
21,0DRG,2941,2016/10/11,October,2016,early ,E1,70,3rd,78,5.7,13,nd,12.01132858,female
22,0DRG,2582,2016/8/17,August,2016,early ,E1,80,3rd,67,3.8,13,nd,12.63453284,female
23,0DRG,3969,2017/5/25,May,2017,early ,E1,90,3rd,90,7.6,18,nd,10.42524005,female
24,0DRG,4951,2017/10/12,October,2017,early ,E1,80,3rd,96,9,17,11.3,10.17252604,female
26,0DRP,5023,2017/10/13,October,2017,control,C1,620,3rd,106,14.1,19,12.1,11.83863189,nd
27,0DRP,3125,2016/10/12,October,2016,control,C1,600,3rd,75,5.4,14,nd,12.8,nd
28,0DRP,4420,2017/7/29,July,2017,control,C1,630,3rd,104,13.3,21,12,11.82365157,nd
29,0DRP,2741,2016/8/18,August,2016,control,C1,620,3rd,71,4.6,13,nd,12.85235715,nd
31,0DRR,3949,2017/5/25,May,2017,early ,E1,40,3rd,105,12.9,20,nd,11.14350502,nd
32,0DRR,4195,2017/7/27,July,2017,early ,E1,20,3rd,124,23.9,28,13.7,12.53524554,nd
33,0DRR,2579,2016/8/17,August,2016,early ,E1,70,3rd,69,4.2,13,nd,12.78503785,nd
34,0DRY,2726,2016/8/18,August,2016,control,C1,670,NA,70,4.1,13,nd,11.95335277,nd
35,0DRY,3150,2016/10/12,October,2016,control,C1,660,NA,74,4.1,13,nd,10.11786074,nd
36,0DYD,2639,2016/8/18,August,2016,control,C2,1010,3rd,74,4.5,12,nd,11.1049691,female
37,0DYD,3083,2016/10/12,October,2016,control,C2,1010,3rd,76,5,14,nd,11.39014434,female
38,0DYY,4506,2017/7/30,July,2017,control,C2,1010,2nd,137,30.3,29,15,11.78367964,male
39,0DYY,3076,2016/10/12,October,2016,control,C2,1000,2nd,88,8.1,15,nd,11.88603494,male
41,0DYY,4028,2017/5/26,May,2017,control,C2,1010,2nd,132,21.5,28,nd,9.347956145,male
42,0DYY,4871,2017/10/11,October,2017,control,C2,1010,2nd,141,32.6,29,16.1,11.62947909,male
43,0DYY,3368,2017/3/20,March,2017,control,C2,1010,2nd,101,12.4,20,nd,12.03531783,male
44,0GBB,2071,2016/5/28,May,2016,control,C2,960,3rd,62,3.1,14,nd,13.00728408,nd
46,0GBD,3347,2017/3/20,March,2017,control,C2,950,2nd,112,16.6,24,nd,11.81555211,nd
47,0GBD,3050,2016/10/12,October,2016,control,C2,940,2nd,90,8.3,16,nd,11.38545953,nd
49,0GBD,4852,2017/10/11,October,2017,control,C2,940,2nd,128,21.4,24,13.1,10.20431519,nd
50,0GBD,2066,2016/5/28,May,2016,control,C2,940,2nd,77,5.9,18,nd,12.92349074,nd
51,0GBD,4005,2017/5/26,May,2017,control,C2,940,2nd,127,23.9,27,nd,11.66773987,nd
53,0GBG,2621,2016/8/18,August,2016,control,C2,930,1st,85,7.6,15,nd,12.37533076,female
54,0GBG,4843,2017/10/11,October,2017,control,C2,940,1st,146,41.7,29,16.6,13.39915736,female
55,0GBG,4477,2017/7/30,July,2017,control,C2,940,1st,143,37,31,16,12.65300302,female
56,0GBG,2059,2016/5/28,May,2016,control,C2,930,1st,75,5.6,16,nd,13.27407407,female
57,0GBG,3041,2016/10/12,October,2016,control,C2,940,1st,95,11.1,17,nd,12.94649366,female
58,0GBG,3992,2017/5/26,May,2017,control,C2,930,1st,140,36.7,31,nd,13.37463557,female
59,0GBG,3344,2017/3/20,March,2017,control,C2,940,1st,115,18.7,25,nd,12.29555355,female
60,0GBP,4478,2017/7/30,July,2017,control,C2,940,3rd,104,12.4,20,12,11.02355485,nd
61,0GBP,4845,2017/10/11,October,2017,control,C2,940,3rd,106,12.4,19,11.3,10.41127911,nd
62,0GBP,3346,2017/3/20,March,2017,control,C2,940,3rd,77,5.4,16,nd,11.82827966,nd
63,0GBP,2070,2016/5/28,May,2016,control,C2,950,3rd,60,2.2,17,nd,10.18518519,nd
66,0GBR,2055,2016/5/28,May,2016,control,C2,920,3rd,58,2.1,12,nd,10.76304892,nd
67,0GBR,3039,2016/10/12,October,2016,control,C2,930,3rd,75,4.8,13,nd,11.37777778,nd
68,0GBR,4002,2017/5/26,May,2017,control,C2,940,3rd,105,14.1,21,nd,12.18011014,nd
70,0GBY,3372,2017/3/20,March,2017,control,C2,1010,3rd,92,8.5,18,nd,10.91579683,nd
72,0GBY,3078,2016/10/12,October,2016,control,C2,1000,3rd,77,6,15,nd,13.14253296,nd
73,0GBY,4867,2017/10/11,October,2017,control,C2,1000,3rd,112,15.1,22,13.2,10.74788174,nd
74,0GBY,2065,2016/5/28,May,2016,control,C2,940,3rd,63,3.1,14,nd,12.39766924,nd
75,0GDB,3596,2017/3/29,March,2017,late,L3,750,2nd,99,11.6,20,nd,11.95507776,female
76,0GDB,2989,2016/10/11,October,2016,late,L3,750,2nd,83,7.6,16,nd,13.2916628,female
77,0GDB,4056,2017/5/26,May,2017,late,L3,750,2nd,124,21.7,24,nd,11.38137357,female
78,0GDB,2396,2016/8/16,August,2016,late,L3,770,2nd,77,6.5,17,nd,14.23774404,female
79,0GDB,2019,2016/5/27,May,2016,late,L3,770,2nd,77,5.3,16,nd,11.60923745,female
80,0GDB,4592,2017/7/31,July,2017,late,L3,765,2nd,126,21.2,25,13.5,10.59800757,female
81,0GDD,4594,2017/7/31,July,2017,late,L3,765,3rd,96,9.4,18,10.7,10.62463831,female
82,0GDD,4060,2017/5/26,May,2017,late,L3,770,3rd,95,10.1,18,nd,11.78014288,female
83,0GDD,4792,2017/10/11,October,2017,late,L3,770,3rd,105,14.4,21,13.4,12.43926142,female
84,0GDD,2017,2016/5/27,May,2016,late,L3,770,3rd,62,3.5,14,nd,14.68564332,female
85,0GDD,3001,2016/10/11,October,2016,late,L3,770,3rd,74,5,14,nd,12.33885456,female
86,0GDD,2397,2016/8/16,August,2016,late,L3,770,3rd,69,3.7,12,nd,11.26300954,female
87,0GDG,4586,2017/7/31,July,2017,late,L3,740,2nd,120,20.4,24,13.7,11.80555556,female
88,0GDG,4783,2017/10/11,October,2017,late,L3,740,2nd,132,31.4,29,16.4,13.65236386,female
89,0GDG,2987,2016/10/11,October,2016,late,L3,750,2nd,83,7.9,17,nd,13.8163337,female
90,0GDG,2383,2016/8/16,August,2016,late,L3,750,2nd,76,5.3,14,nd,12.073553,female
91,0GDG,3588,2017/3/29,March,2017,late,L3,740,2nd,97,13.7,21,nd,15.01085274,female
93,0GDG,2007,2016/5/27,May,2016,late,L3,750,2nd,69,3.7,13,nd,11.26300954,female
94,0GDP,2398,2016/8/16,August,2016,late,L3,770,3rd,72,4.5,13,nd,12.05632716,nd
95,0GDP,2018,2016/5/27,May,2016,late,L3,770,3rd,69,3.9,14,nd,11.87182086,nd
96,0GDR,4059,2017/5/26,May,2017,late,L3,770,2nd,115,18.4,22,nd,12.09829868,nd
97,0GDR,2381,2016/8/16,August,2016,late,L3,750,2nd,70,4.1,13,nd,11.95335277,nd
98,0GDR,2006,2016/5/27,May,2016,late,L3,750,2nd,67,3.4,13,nd,11.30458201,nd
99,0GDR,4798,2017/10/11,October,2017,late,L3,780,2nd,135,31.5,28,16.3,12.80292638,nd
100,0GDR,3598,2017/3/29,March,2017,late,L3,765,2nd,106,17.8,26,nd,14.94522324,nd
101,0GDY,2389,2016/8/16,August,2016,late,L3,760,3rd,70,3.4,12,nd,9.912536443,nd
102,0GDY,2012,2016/5/27,May,2016,late,L3,760,3rd,70,3.6,13,nd,10.49562682,nd
103,0GGB,1959,2016/5/27,May,2016,control,C1,610,2nd,72,4.4,16,nd,11.78840878,nd
104,0GGD,1946,2016/5/27,May,2016,control,C1,590,3rd,57,2.4,12,nd,12.95945311,nd
105,0GGG,1944,2016/5/27,May,2016,control,C1,590,2nd,74,4.3,13,nd,10.61141492,nd
106,0GGP,1956,2016/5/27,May,2016,control,C1,600,3rd,61,2.6,11,nd,11.45470326,nd
107,0GGP,2701,2016/8/18,August,2016,control,C1,600,3rd,70,4.2,13,nd,12.24489796,nd
108,0GGP,3490,2017/3/28,March,2017,control,C1,580,3rd,77,5.2,14,nd,11.39019523,nd
109,0GGR,4444,2017/7/29,July,2017,control,C1,680,2nd,119,21.1,25,13.1,12.52107368,female
110,0GGR,4136,2017/5/27,May,2017,control,C1,580,2nd,120,20.8,23,nd,12.03703704,female
111,0GGR,1943,2016/5/27,May,2016,control,C1,580,2nd,74,5,15,nd,12.33885456,female
112,0GGR,5039,2017/10/13,October,2017,control,C1,660,2nd,123,19.1,22,12.2,10.26403284,female
113,0GGR,2693,2016/8/18,August,2016,control,C1,580,2nd,80,6.1,14,nd,11.9140625,female
114,0GGR,3489,2017/3/28,March,2017,control,C1,580,2nd,100,14.1,21,nd,14.1,female
115,0GGY,1945,2016/5/27,May,2016,control,C1,590,3rd,72,4.6,14,nd,12.32424554,female
116,0GGY,4403,2017/7/29,July,2017,control,C1,590,3rd,103,12,20,11.8,10.98169991,female
117,0GGY,3115,2016/10/12,October,2016,control,C1,590,3rd,85,7.3,17,nd,11.88683086,female
118,0GGY,3492,2017/3/28,March,2017,control,C1,590,3rd,90,8.4,17,nd,11.52263374,female
119,0GGY,4138,2017/5/27,May,2017,control,C1,580,3rd,103,13,20,nd,11.89684157,female
120,0GGY,5007,2017/10/13,October,2017,control,C1,590,3rd,102,11.4,19,10.4,10.74247461,female
121,0GGY,2696,2016/8/18,August,2016,control,C1,590,3rd,76,5.5,14,nd,12.52915877,female
123,0GPB,2043,2016/5/27,May,2016,late,L3,880,3rd,62,3.2,14,nd,13.42687389,nd
124,0GPD,2041,2016/5/27,May,2016,late,L3,880,3rd,54,1.8,11,nd,11.43118427,nd
125,0GPG,2025,2016/5/27,May,2016,late,L3,790,2nd,73,4.2,15,nd,10.79644334,nd
126,0GPG,2404,2016/8/16,August,2016,late,L3,780,2nd,72,5,14,nd,13.39591907,nd
127,0GPP,4807,2017/10/11,October,2017,late,L3,800,1st,176,67.2,40,22.3,12.32625845,male
128,0GPP,4634,2017/7/31,July,2017,late,L3,890,1st,149,37.3,31,16.8,11.27586913,male
129,0GPP,2042,2016/5/27,May,2016,late,L3,880,1st,58,2.3,12,nd,11.78810119,male
130,0GPP,4074,2017/5/26,May,2017,late,L3,870,1st,145,34.6,30,nd,11.34937882,male
131,0GPR,4472,2017/7/30,July,2017,control,C2,920,2nd,124,24.8,27,13.6,13.00728408,nd
133,0GPR,2053,2016/5/28,May,2016,control,C2,920,2nd,75,5.9,16,nd,13.98518519,nd
134,0GPY,2039,2016/5/27,May,2016,late,L3,850,3rd,65,3.6,14,nd,13.10878471,nd
135,0GRB,2690,2016/8/18,August,2016,control,C1,570,3rd,71,4.2,13,nd,11.73476088,nd
136,0GRB,1938,2016/5/27,May,2016,control,C1,570,3rd,60,2.4,10,nd,11.11111111,nd
137,0GRD,1909,2016/5/25,May,2016,late,L2,470,2nd,66,3.7,15,nd,12.86974427,nd
138,0GRG,1907,2016/5/25,May,2016,late,L2,470,1st,78,4.3,14,nd,9.0611777,female
139,0GRG,4383,2017/7/29,July,2017,late,L2,510,1st,117,16.9,23,12,10.5518624,female
140,0GRG,4729,2017/10/10,October,2017,late,L2,510,1st,119,20.8,24,13,12.34304893,female
141,0GRG,4107,2017/5/27,May,2017,late,L2,500,1st,120,19,22,nd,10.99537037,female
142,0GRP,1916,2016/5/25,May,2016,late,L2,490,2nd,70,4.1,14,nd,11.95335277,nd
143,0GRP,2870,2016/10/10,October,2016,late,L2,490,2nd,98,11.6,17,nd,12.32479664,nd
144,0GRP,4378,2017/7/29,July,2017,late,L2,490,2nd,131,25,26,15.2,11.12054628,nd
145,0GRP,3322,2017/3/19,March,2017,late,L2,500,2nd,105,14.9,23,nd,12.87118022,nd
146,0GRR,1894,2016/5/25,May,2016,late,L2,440,NA,62,2.5,13,nd,10.48974523,nd
147,0GRR,4099,2017/5/27,May,2017,late,L2,460,NA,134,23.8,24,nd,9.891509261,nd
149,0GRR,2255,2016/8/15,August,2016,late,L2,440,NA,72,4.7,13,nd,12.59216392,nd
150,0GRR,4366,2017/7/29,July,2017,late,L2,440,NA,136,26.7,27,14.1,10.61437767,nd
151,0GRY,1908,2016/5/25,May,2016,late,L2,470,2nd,75,4.9,16,nd,11.61481481,nd
152,0GYB,2001,2016/5/27,May,2016,late,L3,740,3rd,60,2.6,12,nd,12.03703704,nd
153,0GYB,2375,2016/8/16,August,2016,late,L3,740,3rd,75,5.3,15,nd,12.56296296,nd
154,0GYB,3590,2017/3/29,March,2017,late,L3,740,3rd,90,8.7,19,nd,11.93415638,nd
155,0GYB,4053,2017/5/26,May,2017,late,L3,740,3rd,111,15.5,21,nd,11.33346641,nd
156,0GYD,3152,2016/10/12,October,2016,control,C1,670,2nd,86,9.1,18,nd,14.30691637,female
157,0GYD,2745,2016/8/18,August,2016,control,C1,670,2nd,81,6.5,15,nd,12.23089675,female
158,0GYD,1985,2016/5/27,May,2016,control,C1,680,2nd,69,3.5,14,nd,10.65419821,female
159,0GYG,1983,2016/5/27,May,2016,control,C1,680,3rd,63,3.5,15,nd,13.99736849,nd
160,0GYG,5054,2017/10/13,October,2017,control,C1,690,3rd,113,17.8,23,13,12.33629289,nd
161,0GYG,3522,2017/3/28,March,2017,control,C1,680,3rd,85,7.8,18,nd,12.70099735,nd
162,0GYG,4460,2017/7/29,July,2017,control,C1,690,3rd,108,15.9,24,12.4,12.62193263,nd
163,0GYG,4188,2017/5/27,May,2017,control,C1,690,3rd,103,14,20,nd,12.81198323,nd
164,0GYP,1990,2016/5/27,May,2016,late,L3,730,1st,78,5.8,15,nd,12.22205364,nd
166,0GYR,5043,2017/10/13,October,2017,control,C1,660,3rd,107,15.6,23,11.7,12.73424688,female
168,0GYR,3514,2017/3/28,March,2017,control,C1,660,3rd,76,5.5,16,nd,12.52915877,female
170,0GYR,4438,2017/7/29,July,2017,control,C1,660,3rd,106,15.3,25,12.2,12.84617503,female
171,0GYR,1975,2016/5/27,May,2016,control,C1,650,3rd,59,2.8,14,nd,13.63333155,female
172,0GYY,4452,2017/7/29,July,2017,control,C1,690,3rd,111,17.1,24,13.4,12.50337262,nd
173,0GYY,1984,2016/5/27,May,2016,control,C1,680,3rd,61,2.8,13,nd,12.33583428,nd
174,0GYY,5048,2017/10/13,October,2017,control,C1,680,3rd,113,17.1,23,12.4,11.85115777,nd
176,0GYY,4174,2017/5/27,May,2017,control,C1,680,3rd,103,15.3,22,nd,14.00166739,nd
177,0RBB,1939,2016/5/27,May,2016,control,C1,570,3rd,62,2.8,12,nd,11.74851465,nd
178,0RBB,4132,2017/5/27,May,2017,control,C1,560,3rd,119,19.4,24,nd,11.5122668,nd
179,0RBB,3485,2017/3/28,March,2017,control,C1,570,3rd,84,6.6,15,nd,11.13540654,nd
180,0RBD,1889,2016/5/25,May,2016,late,L2,430,2nd,73,5.1,16,nd,13.10996692,nd
181,0RBG,1868,2016/5/25,May,2016,late,L1,390,3rd,56,2,12,nd,11.38848397,nd
182,0RBP,1933,2016/5/27,May,2016,control,C1,560,2nd,72,4.2,15,nd,11.25257202,nd
183,0RBR,1863,2016/5/25,May,2016,late,L1,380,NA,71,4.3,15,nd,12.01415994,nd
184,0RBR,2619,2016/8/18,August,2016,control,C2,920,NA,74,4.5,12,nd,11.1049691,nd
186,0RBR,4245,2017/7/27,July,2017,early ,E1,90,NA,129,27.3,29,14.5,12.717259,nd
187,0RBR,3976,2017/5/25,May,2017,early ,E1,90,NA,108,14,21,nd,11.11365137,nd
188,0RBY,1869,2016/5/25,May,2016,late,L1,390,2nd,73,4.2,15,nd,10.79644334,nd
189,0RDB,2308,2016/8/16,August,2016,late,L1,310,2nd,80,6.4,15,nd,12.5,female
190,0RDB,2828,2016/10/10,October,2016,late,L1,310,2nd,96,12.3,18,nd,13.90245226,female
191,0RDB,1835,2016/5/25,May,2016,late,L1,310,2nd,61,3.3,14,nd,14.53866183,female
192,0RDD,1828,2016/5/24,May,2016,early ,E2,230,3rd,60,2.8,14,nd,12.96296296,nd
193,0RDG,3198,2016/10/13,October,2016,early ,E2,240,2nd,94,9.5,17,nd,11.43773538,nd
194,0RDG,3856,2017/5/24,May,2017,early ,E2,180,2nd,113,20.3,25,nd,14.06891829,nd
195,0RDG,1826,2016/5/24,May,2016,early ,E2,230,2nd,67,3.4,14,nd,11.30458201,nd
196,0RDG,3276,2017/3/18,March,2017,early ,E2,240,2nd,101,12.5,21,nd,12.13237685,nd
197,0RDP,4328,2017/7/28,July,2017,late,L1,360,3rd,101,10.5,20,11.2,10.19119655,nd
198,0RDP,3891,2017/5/24,May,2017,late,L1,360,3rd,98,10.6,19,nd,11.26231417,nd
199,0RDP,1834,2016/5/25,May,2016,late,L1,310,3rd,54,1.8,11,nd,11.43118427,nd
201,0RDR,4302,2017/7/28,July,2017,early ,E2,240,2nd,135,31.9,30,16,12.96550323,nd
202,0RDR,2510,2016/8/17,August,2016,early ,E2,230,2nd,75,4.4,12,nd,10.42962963,nd
203,0RDR,1825,2016/5/24,May,2016,early ,E2,230,2nd,69,4.4,16,nd,13.39384918,nd
204,0RDY,1827,2016/5/24,May,2016,early ,E2,230,2nd,66,3.9,16,nd,13.56540613,nd
205,0RGB,2522,2016/8/17,August,2016,early ,E2,180,1st,100,13.4,19,nd,13.4,nd
206,0RGB,3170,2016/10/13,October,2016,early ,E2,180,1st,105,13,18,nd,11.22988878,nd
207,0RGB,4270,2017/7/28,July,2017,early ,Einterval,150,1st,171,61.9,37,19.6,12.37947759,nd
208,0RGB,1798,2016/5/24,May,2016,early ,E2,170,1st,74,4.9,17,nd,12.09207747,nd
210,0RGD,3966,2017/5/25,May,2017,early ,E1,80,1st,135,26.8,27,nd,10.89264848,nd
211,0RGD,4952,2017/10/12,October,2017,early ,E1,80,1st,143,30.1,26,15.3,10.29338894,nd
212,0RGD,3304,2017/3/19,March,2017,early ,Einterval,150,1st,121,22.9,27,nd,12.926453,nd
215,0RGD,1792,2016/5/24,May,2016,early ,Einterval,150,1st,71,4.4,16,nd,12.29355901,nd
216,0RGG,1765,2016/5/24,May,2016,early ,E1,80,1st,77,5,15,nd,10.9521108,nd
217,0RGG,2552,2016/8/17,August,2016,early ,E1,60,1st,92,9.4,17,nd,12.07158708,nd
218,0RGG,2934,2016/10/11,October,2016,early ,E1,80,1st,99,11.4,18,nd,11.74895573,nd
219,0RGP,1794,2016/5/24,May,2016,early ,E2,160,2nd,65,4.3,16,nd,15.65771507,nd
220,0RGR,1762,2016/5/24,May,2016,early ,E1,70,3rd,61,2.7,13,nd,11.89526877,nd
221,0RGY,3300,2017/3/19,March,2017,early ,Einterval,120,2nd,91,8.3,28,nd,11.01422427,male
222,0RGY,3838,2017/5/24,May,2017,early ,Einterval,115,2nd,110,16.4,21,nd,12.32156273,male
223,0RGY,1779,2016/5/24,May,2016,early ,Einterval,100,2nd,64,3.1,14,nd,11.82556152,male
224,0RGY,4970,2017/10/12,October,2017,early ,E1,90,2nd,144,33.8,29,16.1,11.31955161,male
225,0RGY,2965,2016/10/11,October,2016,early ,Einterval,120,2nd,81,6.3,16,nd,11.85456147,male
226,0RPB,1862,2016/5/25,May,2016,late,L1,380,3rd,64,2.9,13,nd,11.06262207,nd
227,0RPD,4336,2017/7/28,July,2017,late,L1,380,2nd,130,26.3,29,13.4,11.97086937,nd
228,0RPD,2844,2016/10/10,October,2016,late,L1,370,2nd,79,7,16,nd,14.19765982,nd
230,0RPD,1857,2016/5/25,May,2016,late,L1,370,2nd,75,4.9,15,nd,11.61481481,nd
231,0RPG,1844,2016/5/25,May,2016,late,L1,330,3rd,63,2.6,14,nd,10.39804517,nd
232,0RPP,1861,2016/5/25,May,2016,late,L1,380,2nd,67,3.5,15,nd,11.63706972,nd
233,0RPR,3874,2017/5/24,May,2017,late,L1,320,2nd,118,19.3,25,nd,11.74657584,nd
234,0RPR,4309,2017/7/28,July,2017,late,L1,320,2nd,121,20.2,26,13.2,11.40237339,nd
235,0RPR,1840,2016/5/25,May,2016,late,L1,320,2nd,61,2.8,13,nd,12.33583428,nd
236,0RPR,3552,2017/3/29,March,2017,late,L1,320,2nd,104,14.4,22,nd,12.80154756,nd
237,0RPR,4658,2017/10/10,October,2017,late,L1,320,2nd,143,39.3,32,18.1,13.43954104,nd
238,0RPY,3881,2017/5/24,May,2017,late,L1,330,2nd,122,21,25,nd,11.56484463,female
239,0RPY,4654,2017/10/10,October,2017,late,L1,320,2nd,143,40.6,31,17.6,13.88410602,female
240,0RPY,4316,2017/7/28,July,2017,late,L1,330,2nd,123,20.5,26,nd,11.01637033,female
241,0RPY,1850,2016/5/25,May,2016,late,L1,350,2nd,66,3.6,14,nd,12.52191335,female
242,0RPY,2843,2016/10/10,October,2016,late,L1,360,2nd,91,10,18,nd,13.27014973,female
243,0RPY,2355,2016/8/16,August,2016,late,L1,360,2nd,73,4.4,13,nd,11.31055969,female
244,0RRB,3236,2017/3/18,March,2017,early ,E1,80,2nd,95,11.6,20,nd,13.52966905,female
246,0RRB,4935,2017/10/12,October,2017,early ,E1,55,2nd,130,25.2,25,14.8,11.47018662,female
249,0RRB,4230,2017/7/27,July,2017,early ,E1,60,2nd,127,26.6,28,13.4,12.98585274,female
250,0RRB,3964,2017/5/25,May,2017,early ,E1,80,2nd,115,17.2,22,nd,11.3092792,female
251,0RRB,1778,2016/5/24,May,2016,early ,Einterval,100,2nd,64,3.2,14,nd,12.20703125,female
252,0RRD,2553,2016/8/17,August,2016,early ,E1,60,2nd,83,4.8,13,nd,8.394734403,nd
253,0RRD,1758,2016/5/24,May,2016,early ,E1,60,2nd,66,3.4,14,nd,11.8262515,nd
254,0RRG,1734,2016/5/24,May,2016,early ,E1,40,3rd,57,2.1,12,nd,11.33952147,nd
255,0RRP,1774,2016/5/24,May,2016,early ,E1,90,3rd,64,5.5,18,nd,20.98083496,nd
256,0RRR,3948,2017/5/25,May,2017,early ,E1,40,1st,140,30.8,28,nd,11.2244898,female
257,0RRR,4213,2017/7/27,July,2017,early ,E1,40,1st,159,49,33,18.3,12.19002811,female
258,0RRR,2926,2016/10/11,October,2016,early ,E1,40,1st,106,14.6,20,nd,12.25844153,female
259,0RRR,1732,2016/5/24,May,2016,early ,E1,40,1st,69,3.9,15,nd,11.87182086,female
260,0RRR,4927,2017/10/12,October,2017,early ,E1,40,1st,162,46.4,28,16.8,10.91372325,female
261,0RRY,2546,2016/8/17,August,2016,early ,E1,40,2nd,78,6.1,16,nd,12.85422883,female
262,0RRY,1735,2016/5/24,May,2016,early ,E1,40,2nd,61,3.3,15,nd,14.53866183,female
263,0RRY,2917,2016/10/11,October,2016,early ,E1,40,2nd,90,9,18,nd,12.34567901,female
264,0RRY,3232,2017/3/18,March,2017,early ,E1,40,2nd,101,12.8,22,nd,12.42355389,female
265,0RYB,1824,2016/5/24,May,2016,early ,E2,230,2nd,68,4.2,16,nd,13.35741909,nd
266,0RYB,4976,2017/10/12,October,2017,early ,E2,175,2nd,122,22.4,25,13.4,12.33583428,nd
268,0RYB,3195,2016/10/13,October,2016,early ,E2,230,2nd,77,5.2,13,nd,11.39019523,nd
269,0RYB,3859,2017/5/24,May,2017,early ,E2,190,2nd,102,13.4,22,nd,12.62711928,nd
270,0RYB,2512,2016/8/17,August,2016,early ,E2,230,2nd,77,4.3,13,nd,9.418815288,nd
272,0RYD,4294,2017/7/28,July,2017,early ,E2,210,3rd,116,17.9,24,12.9,11.46777236,nd
274,0RYD,1813,2016/5/24,May,2016,early ,E2,200,3rd,57,2,12,nd,10.79954426,nd
275,0RYD,4986,2017/10/12,October,2017,early ,E2,210,3rd,118,16.9,21,13,10.28586175,nd
276,0RYG,3174,2016/10/13,October,2016,early ,E2,190,2nd,95,11.8,19,nd,13.7629392,female
277,0RYG,1811,2016/5/24,May,2016,early ,E2,200,2nd,71,4.1,15,nd,11.45536181,female
278,0RYG,2491,2016/8/17,August,2016,early ,E2,200,2nd,90,9.8,13,nd,13.4430727,female
279,0RYP,4673,2017/10/10,October,2017,late,L1,350,NA,162,60.9,38,19.9,14.32426177,female
280,0RYP,4308,2017/7/28,July,2017,late,L1,310,NA,136,29.5,29,15,11.72749593,female
281,0RYP,1817,2016/5/24,May,2016,early ,E2,210,NA,73,4.6,16,nd,11.82467604,female
282,0RYR,2487,2016/8/17,August,2016,early ,E2,190,3rd,69,4.4,12,nd,13.39384918,female
283,0RYR,1805,2016/5/24,May,2016,early ,E2,190,3rd,58,2.8,14,nd,14.35073189,female
284,0RYY,3255,2017/3/18,March,2017,early ,E2,200,1st,130,24.7,28,nd,11.24260355,nd
285,0RYY,3858,2017/5/24,May,2017,early ,E2,190,1st,151,36.3,30,nd,10.54328104,nd
286,0RYY,2489,2016/8/17,August,2016,early ,E2,200,1st,110,18.8,23,nd,14.12471826,nd
287,0RYY,1812,2016/5/24,May,2016,early ,E2,200,1st,70,3.9,14,nd,11.37026239,nd
288,0YBD,2377,2016/8/16,August,2016,late,L3,740,3rd,63,2.9,12,nd,11.59781961,nd
289,0YBG,2366,2016/8/16,August,2016,late,L3,730,3rd,67,3.5,13,nd,11.63706972,nd
290,0YBR,2890,2016/10/10,October,2016,late,L2,520,NA,72,4.7,13,nd,12.59216392,nd
291,0YBR,2259,2016/8/15,August,2016,late,L2,450,NA,66,3.6,12,nd,12.52191335,nd
292,0YBR,2300,2016/8/15,August,2016,late,L2,470,NA,66,3.7,12,nd,12.86974427,nd
294,0YBY,4597,2017/7/31,July,2017,late,L3,765,3rd,83,6.2,16,9.1,10.8431986,nd
295,0YBY,3696,2017/3/30,March,2017,late,L3,760,3rd,65,2.9,13,nd,10.55985435,nd
296,0YBY,4079,2017/5/26,May,2017,late,L3,760,3rd,82,7,17,nd,12.69569507,nd
297,0YBY,2376,2016/8/16,August,2016,late,L3,740,3rd,56,2.1,10,nd,11.95790816,nd
298,0YBY,4802,2017/10/11,October,2017,late,L3,790,3rd,87,8,17,10.4,12.14876774,nd
299,0YDB,5071,2017/10/13,October,2017,early ,E3,1250,1st,168,58.2,36,18,12.27425494,male
300,0YDB,3912,2017/5/25,May,2017,early ,E3,1230,1st,143,38,32,nd,12.99497607,male
301,0YDB,2163,2016/5/29,May,2016,early ,E3,1300,1st,60,2.7,13,nd,12.5,male
302,0YDB,2461,2016/8/17,August,2016,early ,E3,1300,1st,82,7,16,nd,12.69569507,male
303,0YDB,4548,2017/7/30,July,2017,early ,E3,1220,1st,162,59.2,37,19.2,13.92440553,male
304,0YDD,2138,2016/5/28,May,2016,control,C3,1090,1st,95,10,20,nd,11.6635078,nd
305,0YDG,3098,2016/10/12,October,2016,control,C3,1080,1st,114,16.9,21,nd,11.40701862,female
306,0YDG,2129,2016/5/28,May,2016,control,C3,1080,1st,79,5.3,16,nd,10.74965672,female
307,0YDP,2156,2016/5/29,May,2016,early ,E3,1270,2nd,68,3.5,13,nd,11.13118258,nd
308,0YDP,2455,2016/8/17,August,2016,early ,E3,1280,2nd,77,5,13,nd,10.9521108,nd
309,0YDR,3091,2016/10/12,October,2016,control,C3,1070,1st,101,11.8,17,nd,11.45296375,female
310,0YDR,2123,2016/5/28,May,2016,control,C3,1070,1st,83,7.4,18,nd,12.9418822,female
312,0YDR,4883,2017/10/11,October,2017,control,C3,1070,1st,163,51.3,31,18.1,11.8455315,female
314,0YDY,2130,2016/5/28,May,2016,control,C3,1080,2nd,70,3.8,14,nd,11.0787172,female
315,0YDY,3097,2016/10/12,October,2016,control,C3,1080,2nd,95,10.3,18,nd,12.01341303,female
316,0YGB,2100,2016/5/28,May,2016,control,C3,1020,1st,78,6.4,19,nd,13.48640402,nd
317,0YGD,2092,2016/5/28,May,2016,control,C2,1000,2nd,75,4.4,15,nd,10.42962963,nd
318,0YGG,3079,2016/10/12,October,2016,control,C2,1000,2nd,81,6.1,14,nd,11.47822618,nd
319,0YGG,4870,2017/10/11,October,2017,control,C2,1000,2nd,110,14.6,21,11.6,10.96919609,nd
320,0YGG,2084,2016/5/28,May,2016,control,C2,990,2nd,74,4.7,15,nd,11.59852329,nd
323,0YGP,4517,2017/7/30,July,2017,control,C3,1040,2nd,133,27.8,47,13.7,11.81652758,female
324,0YGP,3086,2016/10/12,October,2016,control,C3,1030,2nd,97,10.8,17,nd,11.83337296,female
325,0YGP,3380,2017/3/20,March,2017,control,C3,1050,2nd,111,16.6,23,nd,12.13777693,female
327,0YGP,4880,2017/10/11,October,2017,control,C3,1040,2nd,133,25.8,25,15.3,10.96641768,female
328,0YGP,2099,2016/5/28,May,2016,control,C3,1020,2nd,70,4.1,14,nd,11.95335277,female
329,0YGR,2083,2016/5/28,May,2016,control,C2,990,1st,79,5.4,16,nd,10.95248043,nd
330,0YGY,2091,2016/5/28,May,2016,control,C2,1000,2nd,73,4.2,15,nd,10.79644334,nd
331,0YPB,3364,2017/3/20,March,2017,control,C2,1000,3rd,77,6.3,17,nd,13.79965961,nd
332,0YPB,2676,2016/8/18,August,2016,control,C2,1000,3rd,73,4.4,13,nd,11.31055969,nd
333,0YPB,4024,2017/5/26,May,2017,control,C2,1000,3rd,95,10.2,18,nd,11.89677796,nd
334,0YPD,3240,2017/3/18,March,2017,early ,E1,80,3rd,76,6.3,17,nd,14.35158186,female
335,0YPD,4909,2017/10/12,October,2017,early ,E1,30,3rd,121,23.1,23,14,13.03934778,female
336,0YPD,2547,2016/8/17,August,2016,early ,E1,40,3rd,68,4,13,nd,12.72135152,female
337,0YPD,4197,2017/7/27,July,2017,early ,E1,20,3rd,118,27.1,29,15.7,16.49389665,female
338,0YPD,2925,2016/10/11,October,2016,early ,E1,40,3rd,74,5,14,nd,12.33885456,female
339,0YPG,2485,2016/8/17,August,2016,early ,E2,190,3rd,64,3.1,12,nd,11.82556152,nd
341,0YPP,2935,2016/10/11,October,2016,early ,E1,90,3rd,86,5.1,13,nd,8.018161923,female
342,0YPP,2558,2016/8/17,August,2016,early ,E1,70,3rd,71,4.2,13,nd,11.73476088,female
344,0YPR,2433,2016/8/16,August,2016,late,L3,880,NA,65,3.4,12,nd,12.38051889,nd
345,0YPR,4830,2017/10/11,October,2017,late,L3,880,NA,126,23.5,25,15.6,11.74779142,nd
346,0YPY,3259,2017/3/18,March,2017,early ,E2,200,2nd,83,6.5,16,nd,11.3678695,nd
347,0YPY,4288,2017/7/28,July,2017,early ,E2,190,2nd,147,41.4,33,17.6,13.03311829,nd
348,0YPY,2495,2016/8/17,August,2016,early ,E2,200,2nd,68,4,13,nd,12.72135152,nd
349,0YPY,3866,2017/5/24,May,2017,early ,E2,200,2nd,112,17.1,20,nd,12.17144224,nd
350,0YRB,4869,2017/10/11,October,2017,control,C2,1000,1st,142,27,26,15,9.429718561,nd
351,0YRB,4027,2017/5/26,May,2017,control,C2,1010,1st,137,29.3,27,nd,11.39477932,nd
353,0YRB,4497,2017/7/30,July,2017,control,C2,1000,1st,143,29.4,28,15.9,10.0540078,nd
354,0YRB,2082,2016/5/28,May,2016,control,C2,990,1st,77,5.1,16,nd,11.17115302,nd
355,0YRB,3082,2016/10/12,October,2016,control,C2,1000,1st,88,7.3,16,nd,10.71210556,nd
356,0YRD,2077,2016/5/28,May,2016,control,C2,980,2nd,69,3.7,14,nd,11.26300954,nd
357,0YRD,2634,2016/8/18,August,2016,control,C2,990,2nd,77,5.4,14,nd,11.82827966,nd
358,0YRD,3066,2016/10/12,October,2016,control,C2,990,2nd,84,6.5,13,nd,10.96668826,nd
359,0YRG,3352,2017/3/20,March,2017,control,C2,970,2nd,91,7.7,16,nd,10.21801529,nd
360,0YRG,4010,2017/5/26,May,2017,control,C2,970,2nd,109,15.9,20,nd,12.27771733,nd
361,0YRG,4487,2017/7/30,July,2017,control,C2,975,2nd,113,16.4,22,12.7,11.36602266,nd
362,0YRG,4860,2017/10/11,October,2017,control,C2,970,2nd,114,15.5,21,12.7,10.4620585,nd
364,0YRG,3057,2016/10/12,October,2016,control,C2,970,2nd,85,6.9,16,nd,11.23549766,nd
365,0YRG,2075,2016/5/28,May,2016,control,C2,970,2nd,78,5.6,16,nd,11.80060352,nd
366,0YRP,2078,2016/5/28,May,2016,control,C2,980,1st,81,6.1,16,nd,11.47822618,nd
367,0YRR,3055,2016/10/12,October,2016,control,C2,960,1st,94,10.1,17,nd,12.16011866,female
368,0YRR,4857,2017/10/11,October,2017,control,C2,960,1st,145,36.3,28,16.8,11.90700726,female
369,0YRR,4008,2017/5/26,May,2017,control,C2,960,1st,132,29.6,29,nd,12.86974427,female
370,0YRR,2072,2016/5/28,May,2016,control,C2,960,1st,75,6,18,nd,14.22222222,female
371,0YRR,3353,2017/3/20,March,2017,control,C2,970,1st,110,16.6,24,nd,12.47182569,female
372,0YRY,3063,2016/10/12,October,2016,control,C2,980,1st,95,9.6,17,nd,11.19696749,female
373,0YRY,3358,2017/3/20,March,2017,control,C2,990,1st,117,19.7,25,nd,12.30009996,female
374,0YRY,4015,2017/5/26,May,2017,control,C2,990,1st,153,36.4,30,nd,10.16312088,female
376,0YRY,2631,2016/8/18,August,2016,control,C2,980,1st,88,8.1,21,nd,11.88603494,female
377,0YRY,4490,2017/7/30,July,2017,control,C2,990,1st,149,36.7,30,17.4,11.09448785,female
378,0YRY,2076,2016/5/28,May,2016,control,C2,980,1st,81,5.3,15,nd,9.972885043,female
380,0YYB,3092,2016/10/12,October,2016,control,C3,1070,2nd,90,8.5,15,nd,11.65980796,female
381,0YYB,2647,2016/8/18,August,2016,control,C3,1070,2nd,83,6.9,15,nd,12.0674307,female
382,0YYB,3383,2017/3/20,March,2017,control,C3,1070,2nd,111,16.8,24,nd,12.28401521,female
383,0YYB,2122,2016/5/28,May,2016,control,C3,1070,2nd,75,5.7,17,nd,13.51111111,female
384,0YYD,2643,2016/8/18,August,2016,control,C3,1040,1st,98,11.5,20,nd,12.21854839,female
385,0YYD,3382,2017/3/20,March,2017,control,C3,1060,1st,139,31.3,29,nd,11.65466881,female
386,0YYD,2108,2016/5/28,May,2016,control,C3,1040,1st,85,6.6,17,nd,10.74699776,female
387,0YYD,4038,2017/5/26,May,2017,control,C3,1060,1st,160,48.8,31,nd,11.9140625,female
388,0YYD,4879,2017/10/11,October,2017,control,C3,1040,1st,182,72.4,35,21.1,12.0094855,female
390,0YYG,2105,2016/5/28,May,2016,control,C3,1030,2nd,71,4.9,17,nd,13.69055436,female
391,0YYG,3373,2017/3/20,March,2017,control,C3,1020,2nd,118,23.6,28,nd,14.3636886,female
393,0YYP,4515,2017/7/30,July,2017,control,C3,1040,2nd,134,23.1,24,13.6,9.600582518,nd
394,0YYP,2115,2016/5/28,May,2016,control,C3,1050,2nd,71,3.7,13,nd,10.33776553,nd
396,0YYR,3379,2017/3/20,March,2017,control,C3,1050,3rd,83,8.3,19,nd,14.5158949,nd
397,0YYR,2102,2016/5/28,May,2016,control,C3,1020,3rd,64,2.9,14,nd,11.06262207,nd
398,0YYY,2107,2016/5/28,May,2016,control,C3,1040,2nd,68,3.9,14,nd,12.40331773,nd
399,BBBB,2641,2016/8/18,August,2016,control,C3,1030,1st,124,22.9,25,nd,12.01075828,nd
400,BBBB,2103,2016/5/28,May,2016,control,C3,1030,1st,88,8.1,18,nd,11.88603494,nd
401,BBPB,4030,2017/5/26,May,2017,control,C2,1010,1st,130,25.4,25,nd,11.56121985,female
402,BBPB,3367,2017/3/20,March,2017,control,C2,1010,1st,114,16.7,22,nd,11.27202432,female
403,BBPB,3074,2016/10/12,October,2016,control,C2,1000,1st,105,14.4,18,nd,12.43926142,female
404,BBPB,4507,2017/7/30,July,2017,control,C2,1010,1st,133,26.1,26,14.9,11.09393417,female
405,BBPB,2101,2016/5/28,May,2016,control,C3,1020,1st,94,10.7,20,nd,12.88250195,female
406,BBPB,2638,2016/8/18,August,2016,control,C2,1010,1st,103,12.5,16,nd,11.43927074,female
407,BPBB,2674,2016/8/18,August,2016,control,C2,1000,1st,94,9.2,17,nd,11.07654373,female
408,BPBB,2090,2016/5/28,May,2016,control,C2,1000,1st,88,7.6,18,nd,11.15232908,female
409,BPBB,3075,2016/10/12,October,2016,control,C2,1000,1st,103,12.1,18,nd,11.07321408,female
410,BPBB,4022,2017/5/26,May,2017,control,C2,1000,1st,142,34,37,nd,11.87446041,female
411,BPBP,2089,2016/5/28,May,2016,control,C2,1000,1st,94,9.6,19,nd,11.55813259,nd
412,BPBP,2672,2016/8/18,August,2016,control,C2,1000,1st,99,11.3,18,nd,11.64589472,nd
413,BPPB,2074,2016/5/28,May,2016,control,C2,970,1st,92,9.2,19,nd,11.8147448,nd
414,BPPP,4854,2017/10/11,October,2017,control,C2,950,1st,146,30,27,15.6,9.639681556,female
415,BPPP,2064,2016/5/28,May,2016,control,C2,940,1st,94,9.4,19,nd,11.31733816,female
416,BPPPBB,3988,2017/5/25,May,2017,early ,E1,90,1st,159,43.7,32,nd,10.87151486,male
417,BPPPBB,4248,2017/7/27,July,2017,early ,E1,90,1st,165,52.6,37,18.6,11.7093803,male
418,BPPPBB,2969,2016/10/11,October,2016,early ,Einterval,140,1st,146,41.6,32,nd,13.36702509,male
419,BPPPBB,4961,2017/10/12,October,2017,early ,E1,90,1st,166,47.9,33,17.4,10.47155672,male
420,BPPPBP,4258,2017/7/28,July,2017,early ,Einterval,100,2nd,126,21,25,12.6,10.49802637,nd
421,BPPPBP,4759,2017/10/10,October,2017,early ,Einterval,115,2nd,129,21.3,22,14.1,9.92225702,nd
422,BPPPBP,2967,2016/10/11,October,2016,early ,Einterval,130,2nd,100,12.5,18,nd,12.5,nd
423,BPPPPB,4257,2017/7/28,July,2017,early ,Einterval,100,2nd,128,28.6,30,14.6,13.63754272,nd
424,BPPPPB,2964,2016/10/11,October,2016,early ,Einterval,120,2nd,83,6.7,16,nd,11.7176501,nd
426,BPPPPB,3301,2017/3/19,March,2017,early ,Einterval,120,2nd,87,8.8,20,nd,13.36364451,nd
427,BPPPPP,2962,2016/10/11,October,2016,early ,Einterval,120,1st,98,10.3,17,nd,10.94356943,nd
428,PBBB,3047,2016/10/12,October,2016,control,C2,940,2nd,86,7,13,nd,11.00532029,female
430,PBBB,2063,2016/5/28,May,2016,control,C2,940,2nd,82,7.4,17,nd,13.42116336,female
431,PBBB,4842,2017/10/11,October,2017,control,C2,940,2nd,133,25.5,25,13.8,10.8389012,female
432,PBBB,3993,2017/5/26,May,2017,control,C2,930,2nd,120,22.5,26,nd,13.02083333,female
433,PBBB,2624,2016/8/18,August,2016,control,C2,940,2nd,83,6.4,13,nd,11.1929792,female
436,PBBP,4849,2017/10/11,October,2017,control,C2,940,1st,139,28.2,27,16.2,10.50037254,female
437,PBBP,4481,2017/7/30,July,2017,control,C2,940,1st,138,28.4,27,14.4,10.80640104,female
439,PBBP,4003,2017/5/26,May,2017,control,C2,940,1st,139,29,27,nd,10.79825545,female
440,PBBP,2060,2016/5/28,May,2016,control,C2,930,1st,89,7.7,18,nd,10.92246609,female
441,PBPB,3042,2016/10/12,October,2016,control,C2,940,1st,96,12.3,18,nd,13.90245226,nd
442,PBPB,5046,2017/10/13,October,2017,control,C1,680,1st,133,29.2,27,15.1,12.41160451,nd
443,PBPB,4176,2017/5/27,May,2017,control,C1,680,1st,120,21.9,22,nd,12.67361111,nd
444,PBPB,2615,2016/8/18,August,2016,control,C2,920,1st,94,11,17,nd,13.24369359,nd
445,PBPB,2054,2016/5/28,May,2016,control,C2,920,1st,90,9,18,nd,12.34567901,nd
446,PBPB,4443,2017/7/29,July,2017,control,C1,680,1st,124,24.6,27,14.2,12.90238663,nd
447,PBPP,2438,2016/8/16,August,2016,late,L3,890,1st,101,12.1,18,nd,11.74414079,nd
448,PBPP,4613,2017/7/31,July,2017,late,L3,810,1st,153,38.4,30,16.4,10.72153412,nd
449,PBPP,3028,2016/10/11,October,2016,late,L3,890,1st,112,17.8,22,nd,12.66968841,nd
450,PBPP,2048,2016/5/27,May,2016,late,L3,890,1st,84,7.1,18,nd,11.97899795,nd
451,PBPP,3630,2017/3/29,March,2017,late,L3,890,1st,125,20.5,24,nd,10.496,nd
452,PBPPBB,2803,2016/10/10,October,2016,early ,E3,1230,NA,116,18.4,23,nd,11.78810119,male
453,PBPPBB,2443,2016/8/17,August,2016,early ,E3,1220,NA,110,16.6,23,nd,12.47182569,male
454,PBPPBB,2145,2016/5/29,May,2016,early ,E3,1230,NA,91,10,20,nd,13.27014973,male
455,PBPPPB,2139,2016/5/29,May,2016,early ,E3,1210,1st,87,7.3,17,nd,11.08575056,female
456,PBPPPB,2806,2016/10/10,October,2016,early ,E3,1250,1st,102,12,18,nd,11.30786801,female
458,PBPPPB,2471,2016/8/17,August,2016,early ,E3,1250,1st,101,12.1,19,nd,11.74414079,female
459,PBPPPB,3913,2017/5/25,May,2017,early ,E3,1250,1st,146,38.7,29,nd,12.43518921,female
461,PBPPPB,4552,2017/7/30,July,2017,early ,E3,1250,1st,170,59.7,33,19.1,12.15143497,female
462,PPBPBP,2653,2016/8/18,August,2016,control,C3,1080,1st,100,11.7,17,nd,11.7,female
463,PPBPBP,2128,2016/5/28,May,2016,control,C3,1080,1st,89,8.4,19,nd,11.91541756,female
465,PPPB,4815,2017/10/11,October,2017,late,L3,850,NA,172,61.7,47,24.7,12.12550467,male
466,PPPB,2031,2016/5/27,May,2016,late,L3,820,NA,85,7.1,14,nd,11.56116426,male
468,PPPB,2415,2016/8/16,August,2016,late,L3,820,NA,101,11.9,19,nd,11.55002276,male
469,PPPPPB,2106,2016/5/28,May,2016,control,C3,1040,1st,98,13.2,23,nd,14.02476859,nd
470,PPPPPP,3996,2017/5/26,May,2017,control,C2,930,2nd,122,21.4,24,nd,11.78512739,female
471,PPPPPP,3337,2017/3/20,March,2017,control,C2,920,2nd,104,14,22,nd,12.44594902,female
472,PPPPPP,2104,2016/5/28,May,2016,control,C3,1030,2nd,83,6.3,18,nd,11.0180889,female
473,RGDDDD,4318,2017/7/28,July,2017,late,L1,330,1st,137,29.6,29,nd,11.51144942,nd
474,RGDDDD,3880,2017/5/24,May,2017,late,L1,330,1st,135,30.1,29,nd,12.23390743,nd
475,RGDDDD,1841,2016/5/25,May,2016,late,L1,330,1st,87,7.9,19,nd,11.99690814,nd
476,RGDDDG,2511,2016/8/17,August,2016,early ,E2,230,1st,96,10.4,17,nd,11.75491898,female
477,RGDDDG,1823,2016/5/24,May,2016,early ,E2,230,1st,83,6.7,18,nd,11.7176501,female
478,RGDDDG,3187,2016/10/13,October,2016,early ,E2,220,1st,98,10.4,17,nd,11.04981768,female
479,RGDDDG,4773,2017/10/10,October,2017,early ,Einterval,145,1st,159,45.1,30,18.5,11.21980138,female
480,RGDDDY,2349,2016/8/16,August,2016,late,L1,310,1st,95,9.9,13,nd,11.54687272,female
481,RGDDDY,1836,2016/5/25,May,2016,late,L1,310,1st,83,6.9,18,nd,12.0674307,female
482,RGDDGD,2484,2016/8/17,August,2016,early ,E2,190,1st,107,13.6,19,nd,11.10165113,nd
483,RGDDGD,1806,2016/5/24,May,2016,early ,E2,190,1st,87,7.5,17,nd,11.38946975,nd
484,RGDDGY,4941,2017/10/12,October,2017,early ,E1,70,1st,159,45.4,31,16.6,11.29443421,nd
485,RGDDGY,4223,2017/7/27,July,2017,early ,E1,50,1st,160,54.9,37,19.1,13.40332031,nd
486,RGDDGY,1804,2016/5/24,May,2016,early ,E2,190,1st,87,9.1,19,nd,13.8192233,nd
487,RGDDGY,3175,2016/10/13,October,2016,early ,E2,200,1st,104,14.3,20,nd,12.71264793,nd
488,RGDDRG,1796,2016/5/24,May,2016,early ,E2,170,1st,91,10.2,22,nd,13.53555272,female
489,RGDDRG,3960,2017/5/25,May,2017,early ,E1,80,1st,162,45.4,32,nd,10.6785137,female
490,RGDDRG,2609,2016/8/17,August,2016,early ,Einterval,150,1st,122,22.3,23,nd,12.28076359,female
491,RGDDYD,1816,2016/5/24,May,2016,early ,E2,210,1st,82,7.4,19,nd,13.42116336,nd
492,RGDGDD,4206,2017/7/27,July,2017,early ,E1,30,1st,165,58,38,19.3,12.91148399,male
493,RGDGDD,4903,2017/10/12,October,2017,early ,E1,30,1st,173,65.4,39,19.4,12.63104955,male
494,RGDGDD,2528,2016/8/17,August,2016,early ,E1,20,1st,106,16.7,25,nd,14.02164203,male
495,RGDGDD,3224,2017/3/18,March,2017,early ,E1,20,1st,132,29.9,30,nd,13.00018087,male
496,RGDGDD,2898,2016/10/11,October,2016,early ,E1,20,1st,112,18.9,24,nd,13.45264668,male
497,RGDGDD,3937,2017/5/25,May,2017,early ,E1,20,1st,153,46.1,35,nd,12.87142507,male
498,RGDGDD,1714,2016/5/24,May,2016,early ,E1,10,1st,82,7.1,19,nd,12.87706214,male
499,RGDYDY,1786,2016/5/24,May,2016,early ,Einterval,120,1st,85,8.5,21,nd,13.84083045,nd
500,RGDYGD,1773,2016/5/24,May,2016,early ,E1,90,1st,80,6.5,18,nd,12.6953125,female
501,RGDYGD,2571,2016/8/17,August,2016,early ,E1,90,1st,86,6.8,14,nd,10.69088256,female
502,RGDYRD,2924,2016/10/11,October,2016,early ,E1,40,1st,109,14.9,20,nd,11.50553385,nd
503,RGDYRD,1748,2016/5/24,May,2016,early ,E1,40,1st,81,6.1,17,nd,11.47822618,nd
504,RGDYRD,2544,2016/8/17,August,2016,early ,E1,40,1st,100,12.8,20,nd,12.8,nd
505,RGDYRG,1733,2016/5/24,May,2016,early ,E1,40,2nd,78,6.4,18,nd,13.48640402,nd
506,RGDYRG,2545,2016/8/17,August,2016,early ,E1,40,2nd,85,7.8,17,nd,12.70099735,nd
507,RGDYRY,4911,2017/10/12,October,2017,early ,E1,30,1st,133,22.8,24,13.9,9.691252837,female
508,RGDYRY,4207,2017/7/27,July,2017,early ,E1,30,1st,135,30,29,15.6,12.19326322,female
509,RGDYRY,2532,2016/8/17,August,2016,early ,E1,20,1st,102,12.7,18,nd,11.96749365,female
510,RGDYRY,3220,2017/3/18,March,2017,early ,E1,20,1st,117,20,25,nd,12.48741113,female
511,RGDYRY,1746,2016/5/24,May,2016,early ,E1,40,1st,85,6.7,18,nd,10.90983106,female
512,RGDYRY,2899,2016/10/11,October,2016,early ,E1,20,1st,103,14.3,20,nd,13.08652573,female
513,RGDYYR,1777,2016/5/24,May,2016,early ,Einterval,100,1st,89,8.6,19,nd,12.19911798,nd
514,RGDYYR,2961,2016/10/11,October,2016,early ,Einterval,120,1st,116,19.4,23,nd,12.42875887,nd
515,RGDYYR,2584,2016/8/17,August,2016,early ,Einterval,100,1st,110,15.5,21,nd,11.64537941,nd
516,RRY,1747,2016/5/24,May,2016,early ,E1,40,2nd,68,4.5,16,nd,14.31152046,nd
517,RYDDBD,5069,2017/10/13,October,2017,early ,E3,1250,2nd,139,30.2,29,16.6,11.24507981,male
520,RYDDBP,5081,2017/10/13,October,2017,early ,E3,1300,3rd,102,11.2,18,12,10.55401015,nd
521,RYDDBR,5063,2017/10/13,October,2017,control,C1,690,3rd,100,11.7,20,11,11.7,nd
522,RYDDBY,5065,2017/10/13,October,2017,early ,E3,1210,1st,156,49.8,34,17.9,13.11763516,male
524,RYDDDD,4884,2017/10/11,October,2017,control,C3,1070,3rd,101,10.4,18,10.8,10.09413754,nd
527,RYDDDR,4858,2017/10/11,October,2017,control,C2,960,3rd,100,9.8,18,10.4,9.8,female
528,RYDDDY,4878,2017/10/11,October,2017,control,C3,1030,3rd,99,11.7,19,11.1,12.05813878,female
531,RYDDPD,4988,2017/10/12,October,2017,early ,E2,210,3rd,114,17.5,33,12.8,11.81200153,nd
532,RYDDPG,4974,2017/10/12,October,2017,early ,E2,160,1st,148,44.1,32,18.4,13.60358715,female
533,RYDDPP,4995,2017/10/12,October,2017,early ,E2,225,2nd,124,19.6,23,13.1,10.27995032,nd
536,RYDDPY,4985,2017/10/12,October,2017,early ,E2,200,3rd,98,10.9,20,11.4,11.58105891,nd
539,RYDDYD,4809,2017/10/11,October,2017,late,L3,800,3rd,100,12.4,21,12.4,12.4,female
540,RYDDYG,4794,2017/10/11,October,2017,late,L3,770,3rd,101,12.9,21,11.6,12.52061291,nd
542,RYDDYP,4818,2017/10/11,October,2017,late,L3,850,1st,143,44.6,35,17.4,15.25199823,male
543,RYDRGG,4075,2017/5/26,May,2017,late,L3,870,3rd,105,12.2,20,nd,10.5388187,nd
544,RYDRGY,4091,2017/5/27,May,2017,late,L2,410,2nd,122,21.7,25,nd,11.95033946,nd
545,RYDRRB,4064,2017/5/26,May,2017,late,L3,800,1st,128,31.2,31,nd,14.87731934,nd
546,RYDRRD,4037,2017/5/26,May,2017,control,C3,1050,1st,158,46.3,32,nd,11.73842232,nd
550,RYDRRG,3998,2017/5/26,May,2017,control,C2,940,2nd,114,16.6,21,nd,11.20452717,nd
551,RYDRRR,4249,2017/7/27,July,2017,early ,E1,90,1st,134,31.3,29,16.1,13.00858151,nd
553,RYDRRR,4968,2017/10/12,October,2017,early ,E1,90,1st,134,26.2,26,15.1,10.88897238,nd
554,RYDRRR,3987,2017/5/25,May,2017,early ,E1,80,1st,136,26.1,25,nd,10.37585233,nd
556,RYDRYD,4159,2017/5/27,May,2017,control,C1,640,2nd,119,20.6,22,nd,12.22436577,nd
557,RYDRYP,5045,2017/10/13,October,2017,control,C1,680,1st,156,51.4,34,18.8,13.53908528,male
558,RYDRYP,4169,2017/5/27,May,2017,control,C1,670,1st,135,36.7,32,nd,14.91642534,male
560,RYDRYY,4440,2017/7/29,July,2017,control,C1,660,2nd,119,23.7,29,14.3,14.0639548,female
561,RYDRYY,5029,2017/10/13,October,2017,control,C1,640,2nd,120,23,26,13.1,13.31018519,female
562,RYDRYY,4150,2017/5/27,May,2017,control,C1,610,2nd,116,21.9,28,nd,14.03040305,female
563,RYDYBP,4713,2017/10/10,October,2017,late,L2,430,2nd,118,20.5,24,13.6,12.47693289,nd
565,RYDYBY,4700,2017/10/10,October,2017,late,L1,400,3rd,114,17.7,24,14.1,11.94699584,nd
566,RYDYGB,4559,2017/7/30,July,2017,early ,E3,1290,3rd,98,11.3,20,11.8,12.0060519,nd
567,RYDYGB,5078,2017/10/13,October,2017,early ,E3,1290,3rd,104,11.5,19,11,10.22345812,nd
568,RYDYPG,4819,2017/10/11,October,2017,late,L3,850,2nd,126,23,25,14.7,11.49783841,nd
569,RYDYPG,4623,2017/7/31,July,2017,late,L3,865,2nd,113,17.1,25,12.2,11.85115777,nd
570,RYDYYG,4562,2017/7/30,July,2017,early ,E3,1300,3rd,100,10.8,20,10.7,10.8,nd
571,RYDYYG,5076,2017/10/13,October,2017,early ,E3,1280,3rd,107,13.5,20,11.1,11.02002134,nd
573,RYDYYR,4560,2017/7/30,July,2017,early ,E3,1290,2nd,112,18.9,27,13,13.45264668,male
574,RYDYYR,5079,2017/10/13,October,2017,early ,E3,1290,2nd,122,22.4,28,14.1,12.33583428,male
576,RYRBBB,2673,2016/8/18,August,2016,control,C2,1000,1st,111,15.7,20,nd,11.47970469,nd
577,RYRBBB,3366,2017/3/20,March,2017,control,C2,1010,1st,125,25.4,28,nd,13.0048,nd
580,RYRBBB,4504,2017/7/30,July,2017,control,C2,1010,1st,156,40.1,30,18.1,10.56259377,nd
581,RYRBBD,2666,2016/8/18,August,2016,control,C2,990,2nd,90,7.8,15,nd,10.69958848,nd
582,RYRBBD,3065,2016/10/12,October,2016,control,C2,990,2nd,93,9,16,nd,11.18906157,nd
583,RYRBBD,4016,2017/5/26,May,2017,control,C2,990,2nd,119,20.7,22,nd,12.28370735,nd
584,RYRBBG,2663,2016/8/18,August,2016,control,C2,950,2nd,80,5.8,12,nd,11.328125,nd
585,RYRBBP,2667,2016/8/18,August,2016,control,C2,990,2nd,91,8.9,17,nd,11.81043326,nd
586,RYRBBP,4013,2017/5/26,May,2017,control,C2,990,2nd,129,25.7,27,nd,11.97192514,nd
587,RYRBBP,4492,2017/7/30,July,2017,control,C2,990,2nd,131,26.7,28,14.6,11.87674342,nd
588,RYRBBP,3360,2017/3/20,March,2017,control,C2,990,2nd,111,18.8,26,nd,13.74639797,nd
589,RYRBBR,3049,2016/10/12,October,2016,control,C2,940,2nd,101,10.9,17,nd,10.57943261,nd
590,RYRBBR,2662,2016/8/18,August,2016,control,C2,940,2nd,93,9.2,13,nd,11.43770739,nd
591,RYRBBR,3348,2017/3/20,March,2017,control,C2,950,2nd,108,16.1,23,nd,12.78069908,nd
593,RYRBBR,4850,2017/10/11,October,2017,control,C2,940,2nd,127,21.4,25,2.8,10.44726499,nd
594,RYRBBY,3350,2017/3/20,March,2017,control,C2,960,2nd,109,16.6,24,nd,12.81824577,nd
595,RYRBBY,4837,2017/10/11,October,2017,control,C2,930,2nd,126,21.7,24,13.9,10.84796058,nd
596,RYRBBY,2664,2016/8/18,August,2016,control,C2,960,2nd,72,5.3,12,nd,14.19967421,nd
597,RYRBBY,3062,2016/10/12,October,2016,control,C2,970,2nd,76,5.6,14,nd,12.75696166,nd
598,RYRBDB,2635,2016/8/18,August,2016,control,C2,990,2nd,74,4.6,13,nd,11.35174619,nd
599,RYRBDB,4872,2017/10/11,October,2017,control,C2,1010,2nd,123,19.4,13,14.4,10.42524802,nd
600,RYRBDB,4017,2017/5/26,May,2017,control,C2,990,2nd,120,19.3,21,nd,11.16898148,nd
602,RYRBDG,2618,2016/8/18,August,2016,control,C2,920,2nd,87,7.4,13,nd,11.23761016,nd
603,RYRBDG,3991,2017/5/26,May,2017,control,C2,930,2nd,119,20.2,24,nd,11.98699945,nd
604,RYRBDP,4012,2017/5/26,May,2017,control,C2,990,2nd,129,28.2,28,nd,13.13650929,nd
605,RYRBDP,2630,2016/8/18,August,2016,control,C2,970,2nd,83,6.5,14,nd,11.3678695,nd
606,RYRBDP,4493,2017/7/30,July,2017,control,C2,990,2nd,136,28.4,28,14.9,11.29019947,nd
607,RYRBDR,2617,2016/8/18,August,2016,control,C2,920,1st,104,11.9,18,nd,10.57905667,nd
608,RYRBDY,3343,2017/3/20,March,2017,control,C2,940,1st,141,35.3,33,nd,12.5926568,male
609,RYRBDY,4835,2017/10/11,October,2017,control,C2,930,1st,182,78.7,43,23.4,13.05450979,male
610,RYRBDY,4004,2017/5/26,May,2017,control,C2,940,1st,163,51.6,35,nd,11.91480361,male
611,RYRBDY,2623,2016/8/18,August,2016,control,C2,940,1st,120,22.1,23,nd,12.78935185,male
612,RYRBGB,2521,2016/8/17,August,2016,early ,E2,170,2nd,85,7.7,16,nd,12.53816405,nd
613,RYRBGD,3979,2017/5/25,May,2017,early ,E1,20,1st,132,28.6,27,nd,12.43495562,female
614,RYRBGD,2535,2016/8/17,August,2016,early ,E1,20,1st,87,6.9,14,nd,10.47831217,female
615,RYRBGD,4910,2017/10/12,October,2017,early ,E1,30,1st,163,51.8,32,18.1,11.96098502,female
616,RYRBGD,2929,2016/10/11,October,2016,early ,E1,40,1st,89,8.1,15,nd,11.48986693,female
617,RYRBGD,4204,2017/7/27,July,2017,early ,E1,30,1st,151,50.2,36,19.8,14.58051538,female
618,RYRBGP,2549,2016/8/17,August,2016,early ,E1,60,1st,100,13.5,20,nd,13.5,nd
619,RYRBGR,3847,2017/5/24,May,2017,early ,Einterval,150,3rd,101,13.9,22,nd,13.49120306,female
620,RYRBGR,2523,2016/8/17,August,2016,early ,E2,180,3rd,73,4.5,13,nd,11.56761787,female
621,RYRBGR,3248,2017/3/18,March,2017,early ,E2,160,3rd,88,7.9,18,nd,11.59255259,female
622,RYRBGR,2959,2016/10/11,October,2016,early ,Einterval,100,3rd,95,9.7,17,nd,11.31360257,female
624,RYRBGY,2534,2016/8/17,August,2016,early ,E1,20,2nd,86,9.7,18,nd,15.25022954,nd
625,RYRBPB,2661,2016/8/18,August,2016,control,C2,920,1st,96,11.4,18,nd,12.88519965,nd
626,RYRBPD,4533,2017/7/30,July,2017,control,C3,1090,2nd,140,28.5,27,14.9,10.38629738,nd
627,RYRBPD,3389,2017/3/20,March,2017,control,C3,1090,2nd,107,14.9,23,nd,12.16283837,nd
628,RYRBPD,4899,2017/10/11,October,2017,control,C3,1090,2nd,140,26.9,26,15.2,9.803206997,nd
630,RYRBPD,2659,2016/8/18,August,2016,control,C3,1090,2nd,87,7.5,16,nd,11.38946975,nd
631,RYRBPG,4020,2017/5/26,May,2017,control,C2,990,2nd,119,21.7,26,nd,12.87712317,female
632,RYRBPG,2640,2016/8/18,August,2016,control,C2,1010,2nd,73,5,14,nd,12.85290874,female
633,RYRBPG,3356,2017/3/20,March,2017,control,C2,990,2nd,93,10.6,19,nd,13.17822808,female
634,RYRBPG,4503,2017/7/30,July,2017,control,C2,1010,2nd,122,20.5,24,13.3,11.28949119,female
635,RYRBPG,3071,2016/10/12,October,2016,control,C2,990,2nd,78,5.4,14,nd,11.37915339,female
636,RYRBPR,3034,2016/10/12,October,2016,control,C2,930,1st,106,15,20,nd,12.59428925,nd
637,RYRBPR,2637,2016/8/18,August,2016,control,C2,1000,1st,93,10.4,17,nd,12.92958226,nd
638,RYRBPR,3990,2017/5/26,May,2017,control,C2,920,1st,128,27.6,29,nd,13.16070557,nd
640,RYRBRD,2518,2016/8/17,August,2016,early ,E2,240,1st,101,13.9,21,nd,13.49120306,nd
641,RYRBRD,3271,2017/3/18,March,2017,early ,E2,240,1st,112,15.2,23,nd,10.81905977,nd
642,RYRBRD,4301,2017/7/28,July,2017,early ,E2,240,1st,130,26.2,27,14.9,11.92535275,nd
643,RYRBRD,4997,2017/10/12,October,2017,early ,E2,240,1st,132,23.3,24,14.3,10.13057573,nd
644,RYRBRR,2514,2016/8/17,August,2016,early ,E2,230,1st,91,9,nd,nd,11.94313475,nd
645,RYRBYD,2577,2016/8/17,August,2016,early ,E1,60,1st,94,11.3,20,nd,13.60488524,nd
646,RYRBYP,2612,2016/8/18,August,2016,control,C2 sita,900,2nd,81,6.3,14,nd,11.85456147,nd
648,RYRBYR,4944,2017/10/12,October,2017,early ,E1,70,2nd,112,14.5,20,12.3,10.32081359,nd
649,RYRBYR,2563,2016/8/17,August,2016,early ,E1,80,2nd,88,7.9,16,nd,11.59255259,nd
651,RYRBYR,3972,2017/5/25,May,2017,early ,E1,90,2nd,107,12.3,20,nd,10.04046389,nd
653,RYRBYR,4236,2017/7/27,July,2017,early ,E1,75,2nd,111,16.4,23,13,11.99153865,nd
654,RYRBYY,2575,2016/8/17,August,2016,early ,E1,40,1st,101,12.2,18,nd,11.8411998,nd
655,RYRDDD,2418,2016/8/16,August,2016,late,L3,820,3rd,71,4.1,12,nd,11.45536181,nd
656,RYRDDD,3020,2016/10/11,October,2016,late,L3,840,3rd,75,7.2,17,nd,17.06666667,nd
658,RYRDDP,5038,2017/10/13,October,2017,control,C1,660,NA,148,33.9,28,16.9,10.45717924,nd
659,RYRDDP,4428,2017/7/29,July,2017,control,C1,650,NA,148,37.3,30,16.5,11.50598188,nd
660,RYRDDP,2419,2016/8/16,August,2016,late,L3,830,NA,110,16.7,23,nd,12.54695718,nd
661,RYRDGB,2994,2016/10/11,October,2016,late,L3,760,2nd,82,8.2,17,nd,14.87209994,nd
662,RYRDGB,2387,2016/8/16,August,2016,late,L3,760,2nd,78,5.2,13,nd,10.95770327,nd
663,RYRDGB,3595,2017/3/29,March,2017,late,L3,750,2nd,100,11.1,20,nd,11.1,nd
664,RYRDGD,2365,2016/8/16,August,2016,late,L3,730,3rd,76,5.3,15,nd,12.073553,nd
668,RYRDGP,4055,2017/5/26,May,2017,late,L3,750,1st,141,34.8,30,nd,12.41429056,female
669,RYRDGP,4791,2017/10/11,October,2017,late,L3,770,1st,173,67.7,37,21.2,13.07526078,female
670,RYRDGP,2382,2016/8/16,August,2016,late,L3,750,1st,86,8.6,17,nd,13.52082207,female
671,RYRDGP,2991,2016/10/11,October,2016,late,L3,750,1st,96,14,20,nd,15.8239294,female
672,RYRDGP,4581,2017/7/31,July,2017,late,L3,740,1st,147,35.8,30,16.6,11.27018441,female
674,RYRDGY,2363,2016/8/16,August,2016,late,L3,730,2nd,78,5.8,15,nd,12.22205364,nd
675,RYRDPG,4620,2017/7/31,July,2017,late,L3,850,1st,176,71.1,40,20,13.04162167,male
676,RYRDPG,4067,2017/5/26,May,2017,late,L3,840,1st,162,57.1,39,nd,13.43046547,male
677,RYRDPG,4817,2017/10/11,October,2017,late,L3,850,1st,193,92.1,43,24.4,12.81113782,male
678,RYRDPG,2421,2016/8/16,August,2016,late,L3,830,1st,98,11.1,18,nd,11.79355541,male
679,RYRDPP,2425,2016/8/16,August,2016,late,L3,840,1st,80,6.3,16,nd,12.3046875,male
680,RYRDPP,3617,2017/3/29,March,2017,late,L3,845,1st,131,24.7,28,nd,10.98709972,male
681,RYRDPP,3021,2016/10/11,October,2016,late,L3,840,1st,112,19.6,23,nd,13.95089286,male
682,RYRDPP,4811,2017/10/11,October,2017,late,L3,830,1st,195,93.6,43,22.3,12.62327416,male
683,RYRDPR,2420,2016/8/16,August,2016,late,L3,830,1st,95,10.4,18,nd,12.13004811,male
684,RYRDPR,4614,2017/7/31,July,2017,late,L3,830,1st,133,30.1,29,15.8,12.79415396,male
685,RYRDPR,4808,2017/10/11,October,2017,late,L3,800,1st,153,49.4,35,19.9,13.79280691,male
686,RYRDPY,2422,2016/8/16,August,2016,late,L3,830,1st,85,7.3,16,nd,11.88683086,female
687,RYRDPY,3153,2016/10/12,October,2016,control,C1,680,1st,102,12.6,17,nd,11.87326142,female
688,RYRDPY,4453,2017/7/29,July,2017,control,C1,690,1st,119,17.6,23,12.6,10.44411833,female
689,RYRDRB,2356,2016/8/16,August,2016,late,L1,390,2nd,80,6.1,13,nd,11.9140625,nd
690,RYRDRB,3288,2017/3/19,March,2017,late,L1,380,2nd,91,10.7,20,nd,14.19906021,nd
691,RYRDRD,2842,2016/10/10,October,2016,late,L1,360,1st,99,13.9,20,nd,14.32548111,female
692,RYRDRD,4679,2017/10/10,October,2017,late,L1,360,1st,155,47.7,31,18.8,12.80923769,female
693,RYRDRD,2353,2016/8/16,August,2016,late,L1,350,1st,86,7.5,16,nd,11.79141459,female
694,RYRDRD,3282,2017/3/19,March,2017,late,L1,350,1st,113,17.7,24,nd,12.26698787,female
695,RYRDRP,3894,2017/5/24,May,2017,late,L1,370,1st,143,38.2,32,nd,13.06337068,nd
696,RYRDRP,2354,2016/8/16,August,2016,late,L1,350,1st,85,7.9,18,nd,12.86383065,nd
697,RYRDRP,3283,2017/3/19,March,2017,late,L1,370,1st,121,26.2,29,nd,14.78921697,nd
698,RYRDRP,4327,2017/7/28,July,2017,late,L1,360,1st,148,38.5,33,16.7,11.87614751,nd
699,RYRDRR,2348,2016/8/16,August,2016,late,L1,400,1st,100,12,18,nd,12,nd
701,RYRDRY,3889,2017/5/24,May,2017,late,L1,360,2nd,127,22.6,26,nd,11.03309293,female
703,RYRDRY,3279,2017/3/19,March,2017,late,L1,350,2nd,103,12.2,20,nd,11.16472824,female
704,RYRDRY,2352,2016/8/16,August,2016,late,L1,350,2nd,79,5.9,14,nd,11.96659899,female
705,RYRDRY,4322,2017/7/28,July,2017,late,L1,350,2nd,133,25.3,26,15,10.75389021,female
706,RYRDRY,4678,2017/10/10,October,2017,late,L1,360,2nd,143,33.7,28,16.6,11.52449194,female
707,RYRDYD,3609,2017/3/29,March,2017,late,L3,790,2nd,104,13.1,21,nd,11.6458523,nd
708,RYRDYD,2402,2016/8/16,August,2016,late,L3,780,2nd,79,6,15,nd,12.1694227,nd
709,RYRDYG,2400,2016/8/16,August,2016,late,L3,770,2nd,84,6.8,16,nd,11.47284311,nd
710,RYRDYP,2836,2016/10/10,October,2016,late,L1,350,NA,105,15.4,22,nd,13.30309902,nd
711,RYRDYP,2403,2016/8/16,August,2016,late,L3,780,NA,77,5.5,14,nd,12.04732188,nd
712,RYRDYR,3599,2017/3/29,March,2017,late,L3,765,1st,123,21.8,26,nd,11.71496942,nd
713,RYRDYR,2399,2016/8/16,August,2016,late,L3,770,1st,85,7.7,16,nd,12.53816405,nd
714,RYRDYR,2999,2016/10/11,October,2016,late,L3,770,1st,104,15,21,nd,13.33494538,nd
715,RYRDYY,4430,2017/7/29,July,2017,control,C1,650,NA,112,14.8,22,11.3,10.53434767,female
716,RYRDYY,5028,2017/10/13,October,2017,control,C1,640,NA,112,14.3,20,13.5,10.17845754,female
717,RYRDYY,2401,2016/8/16,August,2016,late,L3,780,NA,89,7.8,17,nd,11.0643163,female
718,RYRDYY,3525,2017/3/28,March,2017,control,C1,690,NA,106,13.5,22,nd,11.33486032,female
719,RYRDYY,3006,2016/10/11,October,2016,late,L3,780,NA,103,12,18,nd,10.98169991,female
721,RYRPBB,2513,2016/8/17,August,2016,early ,E2,230,1st,94,10.5,13,nd,12.64170752,nd
722,RYRPBB,3865,2017/5/24,May,2017,early ,E2,200,1st,146,38.1,31,nd,12.24239558,nd
723,RYRPBD,2505,2016/8/17,August,2016,early ,E2,210,3rd,77,5.5,14,nd,12.04732188,nd
724,RYRPBG,2502,2016/8/17,August,2016,early ,E2,210,1st,113,17.3,22,nd,11.98976781,female
725,RYRPBG,3176,2016/10/13,October,2016,early ,E2,200,1st,113,18.7,23,nd,12.96003803,female
726,RYRPBR,2501,2016/8/17,August,2016,early ,E2,210,1st,105,15.7,20,nd,13.5622503,nd
727,RYRPBY,2504,2016/8/17,August,2016,early ,E2,210,1st,92,9.6,17,nd,12.32842936,nd
728,RYRPBY,3182,2016/10/13,October,2016,early ,E2,210,1st,97,10.7,18,nd,11.72380469,nd
729,RYRPBY,3868,2017/5/24,May,2017,early ,E2,210,1st,130,26.3,26,nd,11.97086937,nd
730,RYRPBY,3267,2017/3/18,March,2017,early ,E2,220,1st,108,16.7,24,nd,13.25699843,nd
732,RYRPBY,4295,2017/7/28,July,2017,early ,E2,210,1st,144,40.9,32,16.8,13.69732725,nd
733,RYRPBYY,3191,2016/10/13,October,2016,early ,E2,230,1st,98,10.3,18,nd,10.94356943,female
734,RYRPBYY,4993,2017/10/12,October,2017,early ,E2,225,1st,149,37.9,29,16.1,11.4572504,female
735,RYRPBYY,4299,2017/7/28,July,2017,early ,E2,230,1st,147,41,31,17.5,12.90719444,female
736,RYRPDD,2481,2016/8/17,August,2016,early ,E2,180,1st,95,10.7,18,nd,12.47995335,nd
737,RYRPDD,2971,2016/10/11,October,2016,early ,Einterval,140,1st,100,11.9,18,nd,11.9,nd
738,RYRPDP,3168,2016/10/13,October,2016,early ,E2,180,1st,108,18.2,23,nd,14.44774679,nd
739,RYRPDP,2482,2016/8/17,August,2016,early ,E2,180,1st,106,16.6,22,nd,13.9376801,nd
740,RYRPDR,2474,2016/8/17,August,2016,early ,E2,160,2nd,88,11.2,20,nd,16.43501127,nd
741,RYRPDY,4980,2017/10/12,October,2017,early ,E2,190,2nd,130,26.2,28,14.7,11.92535275,nd
742,RYRPDY,2480,2016/8/17,August,2016,early ,E2,180,2nd,94,11.2,18,nd,13.48448802,nd
743,RYRPGB,3930,2017/5/25,May,2017,early ,E3,1290,1st,146,34.1,38,nd,10.9571047,nd
744,RYRPGB,4568,2017/7/30,July,2017,early ,E3,1340,1st,183,70.2,38,20.6,11.45470326,nd
745,RYRPGB,2450,2016/8/17,August,2016,early ,E3,1270,1st,95,8.9,17,nd,10.38052194,nd
746,RYRPGB,2813,2016/10/10,October,2016,early ,E3,1280,1st,101,10.6,17,nd,10.28825557,nd
747,RYRPGP,3394,2017/3/20,March,2017,early ,E3,1270,1st,128,28.5,29,nd,13.58985901,nd
748,RYRPGP,2449,2016/8/17,August,2016,early ,E3,1270,1st,104,13.1,18,nd,11.6458523,nd
749,RYRPGR,2437,2016/8/16,August,2016,late,L3,890,1st,98,11.7,24,nd,12.43104489,nd
750,RYRPGR,3631,2017/3/29,March,2017,late,L3,890,1st,123,24,27,nd,12.89721404,nd
751,RYRPGY,3921,2017/5/25,May,2017,early ,E3,1290,1st,135,35.7,30,nd,14.50998323,nd
752,RYRPGY,2447,2016/8/17,August,2016,early ,E3,1250,1st,95,10.4,18,nd,12.13004811,nd
753,RYRPPB,3848,2017/5/24,May,2017,early ,Einterval,150,2nd,133,23.9,24,nd,10.15881328,nd
754,RYRPPB,2500,2016/8/17,August,2016,early ,E2,210,2nd,76,5.9,14,nd,13.44037032,nd
755,RYRPPB,4271,2017/7/28,July,2017,early ,Einterval,150,2nd,148,40.7,32,17.1,12.55478451,nd
756,RYRPPD,2496,2016/8/17,August,2016,early ,E2,200,2nd,89,10.9,14,nd,15.46167278,nd
757,RYRPPG,2493,2016/8/17,August,2016,early ,E2,200,1st,91,9.9,17,nd,13.13744823,nd
758,RYRPPP,3180,2016/10/13,October,2016,early ,E2,210,1st,104,15.5,21,nd,13.77944356,nd
760,RYRPPP,2499,2016/8/17,August,2016,early ,E2,210,1st,98,12,19,nd,12.74978963,nd
761,RYRPPR,2492,2016/8/17,August,2016,early ,E2,200,1st,100,11.4,18,nd,11.4,nd
762,RYRPPY,2494,2016/8/17,August,2016,early ,E2,200,1st,92,10.5,18,nd,13.48421961,male
763,RYRPPY,4687,2017/10/10,October,2017,late,L1,390,1st,180,75.8,41,21.5,12.99725652,male
764,RYRPPY,3871,2017/5/24,May,2017,early ,E2,210,1st,139,30.9,28,nd,11.50572736,male
765,RYRPRD,3029,2016/10/11,October,2016,late,L3,890,1st,106,15.3,20,nd,12.84617503,nd
766,RYRPRD,2432,2016/8/16,August,2016,late,L3,880,1st,94,10.4,17,nd,12.52131031,nd
767,RYRPRG,2429,2016/8/16,August,2016,late,L3,860,2nd,75,5,13,nd,11.85185185,nd
769,RYRPRG,4617,2017/7/31,July,2017,late,L3,840,2nd,139,29.6,28,15.5,11.02166763,nd
770,RYRPRG,3614,2017/3/29,March,2017,late,L3,830,2nd,119,16,24,nd,9.494653027,nd
772,RYRPRG,3017,2016/10/11,October,2016,late,L3,830,2nd,83,7.5,17,nd,13.1167725,nd
773,RYRPRG,4069,2017/5/26,May,2017,late,L3,840,2nd,133,27.5,26,nd,11.6890111,nd
774,RYRPRP,2436,2016/8/16,August,2016,late,L3,890,1st,88,8.3,16,nd,12.17951728,female
775,RYRPRP,4076,2017/5/26,May,2017,late,L3,880,1st,141,36.1,30,nd,12.87804279,female
776,RYRPRP,4636,2017/7/31,July,2017,late,L3,890,1st,137,31,29,16,12.05590987,female
777,RYRPRP,4742,2017/10/10,October,2017,late,L2,520,1st,142,36.1,29,16.7,12.60788297,female
778,RYRPRP,3030,2016/10/11,October,2016,late,L3,890,1st,105,15.3,21,nd,13.21671526,female
779,RYRPRR,2428,2016/8/16,August,2016,late,L3,860,1st,93,10,19,nd,12.43229064,nd
780,RYRPRR,4070,2017/5/26,May,2017,late,L3,850,1st,130,25.9,26,nd,11.78880291,nd
781,RYRPRR,4624,2017/7/31,July,2017,late,L3,865,1st,138,29.1,28,15.6,11.072756,nd
782,RYRPRR,3023,2016/10/11,October,2016,late,L3,870,1st,97,13.1,22,nd,14.35344313,nd
784,RYRPYB,2468,2016/8/17,August,2016,early ,E3,1340,1st,101,12,18,nd,11.64708178,nd
785,RYRPYB,3403,2017/3/20,March,2017,early ,E3,1340,1st,136,33,30,nd,13.11889375,nd
786,RYRPYD,2459,2016/8/17,August,2016,early ,E3,1290,1st,140,34.3,28,nd,12.5,nd
787,RYRPYD,3396,2017/3/20,March,2017,early ,E3,1270,1st,146,31,27,nd,9.961004275,nd
788,RYRPYD,3920,2017/5/25,May,2017,early ,E3,1290,1st,154,41.1,29,nd,11.25329385,nd
790,RYRPYR,3922,2017/5/25,May,2017,early ,E3,1290,2nd,128,24.7,22,nd,11.77787781,nd
791,RYRPYR,2451,2016/8/17,August,2016,early ,E3,1270,2nd,82,5.9,13,nd,10.70065727,nd
792,RYRPYR,4571,2017/7/30,July,2017,early ,E3,1350,2nd,147,40.7,31,17.7,12.81275155,nd
793,RYRPYR,3395,2017/3/20,March,2017,early ,E3,1270,2nd,101,13.2,22,nd,12.81178995,nd
794,RYRYBD,2334,2016/8/16,August,2016,late,L1,380,3rd,68,3.7,12,nd,11.76725015,nd
795,RYRYBD,2846,2016/10/10,October,2016,late,L1,370,3rd,78,5.5,14,nd,11.58987845,nd
796,RYRYBG,3893,2017/5/24,May,2017,late,L1,360,2nd,115,18.4,23,nd,12.09829868,female
797,RYRYBG,2331,2016/8/16,August,2016,late,L1,370,2nd,80,6.3,16,nd,12.3046875,female
798,RYRYBG,4675,2017/10/10,October,2017,late,L1,350,2nd,129,26.2,26,15.5,12.20484197,female
799,RYRYBG,4332,2017/7/28,July,2017,late,L1,370,2nd,117,17.7,23,13.3,11.05135885,female
801,RYRYBR,4356,2017/7/28,July,2017,late,L1,400,3rd,93,8.8,18,10.6,10.94041576,nd
802,RYRYBR,2328,2016/8/16,August,2016,late,L1,360,3rd,69,3.7,12,nd,11.26300954,nd
803,RYRYBY,2332,2016/8/16,August,2016,late,L1,370,1st,97,10,18,nd,10.95682682,nd
804,RYRYDD,2312,2016/8/16,August,2016,late,L1,320,2nd,75,5.6,14,nd,13.27407407,female
806,RYRYDD,2831,2016/10/10,October,2016,late,L1,320,2nd,84,7.5,16,nd,12.65387107,female
807,RYRYDD,3878,2017/5/24,May,2017,late,L1,320,2nd,116,18.3,22,nd,11.72403543,female
808,RYRYDD,4659,2017/10/10,October,2017,late,L1,320,2nd,133,31.7,28,16.5,13.47424188,female
809,RYRYDR,2280,2016/8/15,August,2016,late,L2,500,2nd,78,5.1,14,nd,10.7469782,nd
810,RYRYDY,2301,2016/8/15,August,2016,late,L2,470,2nd,85,7.5,17,nd,12.21249746,nd
811,RYRYGD,4088,2017/5/27,May,2017,late,L2,420,1st,153,39.4,31,nd,11.00074074,nd
812,RYRYGD,1989,2016/5/27,May,2016,late,L3,730,1st,91,8.6,17,nd,11.41232877,nd
813,RYRYGD,4369,2017/7/29,July,2017,late,L2,460,1st,154,40.7,30,17.9,11.14377274,nd
814,RYRYGR,5052,2017/10/13,October,2017,control,C1,690,2nd,118,16.4,22,13.3,9.981546312,female
815,RYRYGR,4189,2017/5/27,May,2017,control,C1,690,2nd,113,19.3,23,nd,13.37586813,female
818,RYRYGR,1978,2016/5/27,May,2016,control,C1,670,2nd,84,6.8,18,nd,11.47284311,female
819,RYRYPB,4950,2017/10/12,October,2017,early ,E1,80,NA,136,27.3,24,14.2,10.85290301,nd
820,RYRYPB,2325,2016/8/16,August,2016,late,L1,350,NA,69,3.6,12,nd,10.95860387,nd
822,RYRYPG,2319,2016/8/16,August,2016,late,L1,340,2nd,80,6.2,16,nd,12.109375,nd
823,RYRYPG,3877,2017/5/24,May,2017,late,L1,320,2nd,117,20.4,25,nd,12.73715935,nd
824,RYRYPP,3886,2017/5/24,May,2017,late,L1,350,2nd,122,21.2,24,nd,11.67498601,nd
825,RYRYPP,2324,2016/8/16,August,2016,late,L1,350,2nd,75,4.8,13,nd,11.37777778,nd
826,RYRYPP,2839,2016/10/10,October,2016,late,L1,350,2nd,91,9.2,16,nd,12.20853775,nd
827,RYRYPP,4682,2017/10/10,October,2017,late,L1,370,2nd,134,27.8,25,15,11.55394779,nd
828,RYRYPR,4344,2017/7/28,July,2017,late,L1,390,2nd,121,19.7,25,11.5,11.12013642,female
829,RYRYPR,3287,2017/3/19,March,2017,late,L1,380,2nd,102,12.1,21,nd,11.40210025,female
830,RYRYPR,4685,2017/10/10,October,2017,late,L1,380,2nd,122,22.7,26,9.7,12.50104634,female
831,RYRYPR,2837,2016/10/10,October,2016,late,L1,350,2nd,87,8.3,17,nd,12.60434653,female
832,RYRYPR,3898,2017/5/24,May,2017,late,L1,380,2nd,121,20.9,25,nd,11.79750514,female
833,RYRYPR,2318,2016/8/16,August,2016,late,L1,340,2nd,80,6.8,17,nd,13.28125,female
835,RYRYYD,4371,2017/7/29,July,2017,late,L2,460,2nd,116,19.1,24,13.3,12.23656156,female
836,RYRYYD,3313,2017/3/19,March,2017,late,L2,450,2nd,94,11.1,21,nd,13.36409081,female
838,RYRYYD,4715,2017/10/10,October,2017,late,L2,440,2nd,129,30.4,28,16.1,14.16134335,female
839,RYRYYD,4094,2017/5/27,May,2017,late,L2,440,2nd,111,18,21,nd,13.16144486,female
840,RYRYYD,2257,2016/8/15,August,2016,late,L2,440,2nd,75,6.2,13,nd,14.6962963,female
842,RYRYYG,3888,2017/5/24,May,2017,late,L1,360,1st,134,22.5,25,nd,9.351216739,nd
843,RYRYYG,2245,2016/8/15,August,2016,late,L2,410,1st,99,11.3,19,nd,11.64589472,nd
844,RYRYYG,4329,2017/7/28,July,2017,late,L1,360,1st,128,21.9,25,13.4,10.44273376,nd
845,RYRYYP,4374,2017/7/29,July,2017,late,L2,475,2nd,122,23.6,28,14.1,12.99668254,nd
846,RYRYYP,2265,2016/8/15,August,2016,late,L2,470,2nd,83,8.5,18,nd,14.86567551,nd
847,RYRYYP,4104,2017/5/27,May,2017,late,L2,470,2nd,123,23.5,26,nd,12.62852208,nd
848,RYRYYP,3318,2017/3/19,March,2017,late,L2,470,2nd,105,14.3,23,nd,12.35287766,nd
849,RYRYYY,4697,2017/10/10,October,2017,late,L1,400,2nd,131,25.2,25,15.5,11.20951065,nd
850,RYRYYY,2247,2016/8/15,August,2016,late,L2,410,2nd,88,8.5,16,nd,12.47299962,nd
851,RYYBBP,4194,2017/7/27,July,2017,early ,E1,20,1st,142,30.4,28,14.4,10.6171646,nd
852,RYYBBP,4912,2017/10/12,October,2017,early ,E1,30,1st,146,29.8,26,15.8,9.575417013,nd
853,RYYBBP,3980,2017/5/25,May,2017,early ,E1,20,1st,135,24.7,26,nd,10.03912005,nd
854,RYYBBR,3958,2017/5/25,May,2017,early ,E1,55,1st,130,22.4,25,nd,10.19572144,nd
855,RYYBDD,4680,2017/10/10,October,2017,late,L1,370,2nd,137,30.7,28,16.6,11.93923977,nd
857,RYYBDD,3897,2017/5/24,May,2017,late,L1,380,2nd,118,22.6,26,nd,13.75505772,nd
858,RYYBDR,3863,2017/5/24,May,2017,early ,E2,190,1st,140,27.9,27,nd,10.16763848,nd
859,RYYBDR,4290,2017/7/28,July,2017,early ,E2,200,1st,143,35.5,30,16,12.14004344,nd
860,RYYBGB,3832,2017/5/24,May,2017,early ,Einterval,100,1st,142,33.5,29,nd,11.69983599,nd
861,RYYBPR,4555,2017/7/30,July,2017,early ,E3,1270,NA,122,27.1,30,15.8,14.92415665,nd
862,RYYBPR,3915,2017/5/25,May,2017,early ,E3,1270,NA,87,9.4,19,nd,14.27480209,nd
863,RYYBRR,4938,2017/10/12,October,2017,early ,E1,55,NA,156,37.5,28,17.7,9.877737319,female
864,RYYBRR,4221,2017/7/27,July,2017,early ,E1,50,NA,154,41.9,32,17.4,11.47233606,female
865,RYYBRR,3531,2017/3/28,March,2017,control,C1,690,NA,114,16.7,23,nd,11.27202432,female
867,RYYBRR,4183,2017/5/27,May,2017,control,C1,690,NA,122,21.9,26,nd,12.06048083,female
868,RYYDBB,3194,2016/10/13,October,2016,early ,E2,230,2nd,88,8.2,17,nd,12.03277611,nd
869,RYYDBB,4300,2017/7/28,July,2017,early ,E2,230,2nd,123,26.3,29,14.9,14.13319705,nd
870,RYYDBD,3189,2016/10/13,October,2016,early ,E2,220,2nd,82,6.9,15,nd,12.514328,nd
871,RYYDBD,3266,2017/3/18,March,2017,early ,E2,220,2nd,90,10.2,21,nd,13.99176955,nd
872,RYYDBG,3264,2017/3/18,March,2017,early ,E2,210,2nd,99,10.8,20,nd,11.13058964,nd
873,RYYDBG,3181,2016/10/13,October,2016,early ,E2,210,2nd,90,9,16,nd,12.34567901,nd
874,RYYDBP,3855,2017/5/24,May,2017,early ,E2,180,1st,126,25.2,27,nd,12.59763165,nd
875,RYYDBP,3252,2017/3/18,March,2017,early ,E2,190,1st,114,19,26,nd,12.82445881,nd
876,RYYDBP,3192,2016/10/13,October,2016,early ,E2,230,1st,94,9.1,17,nd,10.95614652,nd
877,RYYDBR,3257,2017/3/18,March,2017,early ,E2,200,2nd,93,9.3,19,nd,11.56203029,nd
878,RYYDBR,3177,2016/10/13,October,2016,early ,E2,200,2nd,82,6.7,15,nd,12.15159385,nd
879,RYYDBR,4285,2017/7/28,July,2017,early ,E2,190,2nd,143,35.4,30,14.8,12.10584613,nd
880,RYYDBR,3861,2017/5/24,May,2017,early ,E2,190,2nd,118,17.1,24,nd,10.40758792,nd
881,RYYDBY,4297,2017/7/28,July,2017,early ,E2,230,1st,153,49.5,35,18.3,13.82072757,female
882,RYYDBY,3275,2017/3/18,March,2017,early ,E2,240,1st,102,12.3,21,nd,11.59056471,female
883,RYYDBY,4991,2017/10/12,October,2017,early ,E2,225,1st,151,38.2,29,16.4,11.09513322,female
884,RYYDBY,3186,2016/10/13,October,2016,early ,E2,220,1st,97,10.9,18,nd,11.94294123,female
885,RYYDDB,3143,2016/10/12,October,2016,control,C1,650,1st,104,15.3,23,nd,13.60164429,nd
887,RYYDDG,3126,2016/10/12,October,2016,control,C1,600,3rd,88,5.5,15,nd,8.070764463,nd
888,RYYDDG,4147,2017/5/27,May,2017,control,C1,610,3rd,102,12.9,20,nd,12.15595812,nd
889,RYYDDG,5018,2017/10/13,October,2017,control,C1,610,3rd,105,12.2,19,11,10.5388187,nd
890,RYYDDP,3512,2017/3/28,March,2017,control,C1,660,3rd,72,4.3,14,nd,11.5204904,nd
891,RYYDDP,3142,2016/10/12,October,2016,control,C1,650,3rd,69,4,14,nd,12.17622653,nd
892,RYYDDP,5060,2017/10/13,October,2017,control,C1,690,3rd,125,17.2,21,12.2,8.8064,nd
893,RYYDGD,3085,2016/10/12,October,2016,control,C3,1030,1st,94,8.8,16,nd,10.59495488,nd
894,RYYDGR,3069,2016/10/12,October,2016,control,C2,990,2nd,89,8.6,16,nd,12.19911798,female
895,RYYDGR,4018,2017/5/26,May,2017,control,C2,990,2nd,111,17.1,21,nd,12.50337262,female
896,RYYDGR,4873,2017/10/11,October,2017,control,C2,1010,2nd,121,19.7,23,13.3,11.12013642,female
897,RYYDGR,3357,2017/3/20,March,2017,control,C2,990,2nd,95,10.4,20,nd,12.13004811,female
900,RYYDPG,3151,2016/10/12,October,2016,control,C1,660,3rd,81,6.7,15,nd,12.60723204,nd
901,RYYDPG,5041,2017/10/13,October,2017,control,C1,660,3rd,106,13.2,20,10.9,11.08297454,nd
902,RYYDPP,4273,2017/7/28,July,2017,early ,Einterval,150,2nd,133,25.2,25,14.9,10.71138471,nd
903,RYYDPP,3169,2016/10/13,October,2016,early ,E2,180,2nd,87,7.9,15,nd,11.99690814,nd
904,RYYDPR,4168,2017/5/27,May,2017,control,C1,660,2nd,109,17,25,nd,13.12711916,nd
905,RYYDPR,3517,2017/3/28,March,2017,control,C1,660,2nd,93,11.8,22,nd,14.67010295,nd
906,RYYDPR,3144,2016/10/12,October,2016,control,C1,660,2nd,91,9.3,13,nd,12.34123925,nd
908,RYYDRD,4488,2017/7/30,July,2017,control,C2,975,2nd,125,24,27,13.6,12.288,nd
909,RYYDRD,3060,2016/10/12,October,2016,control,C2,970,2nd,82,7.2,17,nd,13.05842922,nd
910,RYYDRG,3054,2016/10/12,October,2016,control,C2,950,2nd,86,7.8,16,nd,12.26307118,nd
911,RYYDRP,4861,2017/10/11,October,2017,control,C2,980,1st,153,45.6,33,19.1,12.73182176,female
912,RYYDRP,4489,2017/7/30,July,2017,control,C2,975,1st,137,27.7,28,15,10.77253882,female
913,RYYDRP,3355,2017/3/20,March,2017,control,C2,980,1st,116,18.4,24,nd,11.78810119,female
914,RYYDRP,3061,2016/10/12,October,2016,control,C2,970,1st,103,12.2,18,nd,11.16472824,female
915,RYYDRP,4011,2017/5/26,May,2017,control,C2,980,1st,136,30,27,nd,11.92626705,female
916,RYYDRR,3053,2016/10/12,October,2016,control,C2,950,1st,97,10,17,nd,10.95682682,nd
917,RYYDRY,3361,2017/3/20,March,2017,control,C2,990,2nd,103,13.7,21,nd,12.53744073,nd
918,RYYDRY,4502,2017/7/30,July,2017,control,C2,1010,2nd,132,23.5,24,14.4,10.21753346,nd
919,RYYDRY,4019,2017/5/26,May,2017,control,C2,990,2nd,128,25.2,25,nd,12.01629639,nd
920,RYYDRY,3059,2016/10/12,October,2016,control,C2,970,2nd,95,10.4,18,nd,12.13004811,nd
924,RYYDYB,4149,2017/5/27,May,2017,control,C1,610,3rd,116,17.7,23,nd,11.33964082,female
925,RYYDYB,4404,2017/7/29,July,2017,control,C1,590,3rd,126,22.9,25,14,11.4478478,female
926,RYYDYB,5005,2017/10/13,October,2017,control,C1,590,3rd,131,26.1,25,15.1,11.60985031,female
927,RYYDYB,3114,2016/10/12,October,2016,control,C1,590,3rd,76,5.2,14,nd,11.84575011,female
929,RYYDYD,4278,2017/7/28,July,2017,early ,E2,170,1st,120,20,24,12.4,11.57407407,female
930,RYYDYD,4084,2017/5/27,May,2017,late,L2,410,1st,115,18.5,25,nd,12.1640503,female
931,RYYDYD,3109,2016/10/12,October,2016,control,C1,570,1st,93,9,17,nd,11.18906157,female
932,RYYDYD,4913,2017/10/12,October,2017,early ,E1,30,1st,121,19,22,12.4,10.72500467,female
933,RYYDYG,4048,2017/5/26,May,2017,control,C3,1090,1st,129,26.7,26,nd,12.4377588,nd
934,RYYDYG,3104,2016/10/12,October,2016,control,C3,1090,1st,98,11.1,18,nd,11.79355541,nd
935,RYYDYG,4541,2017/7/30,July,2017,control,C3,1090,1st,131,26.5,27,14.2,11.78777905,nd
936,RYYDYP,3491,2017/3/28,March,2017,control,C1,590,3rd,77,5.4,14,nd,11.82827966,nd
939,RYYDYP,3111,2016/10/12,October,2016,control,C1,580,3rd,69,3.8,13,nd,11.5674152,nd
940,RYYDYY,3107,2016/10/12,October,2016,control,C3,1090,3rd,79,7.3,17,nd,14.80613096,nd
941,RYYGBB,2908,2016/10/11,October,2016,early ,E1,20,2nd,80,6.4,15,nd,12.5,nd
942,RYYGDP,4351,2017/7/28,July,2017,late,L1,400,2nd,112,15.7,22,12.8,11.17494989,nd
944,RYYGDP,2849,2016/10/10,October,2016,late,L1,390,2nd,84,9,17,nd,15.18464529,nd
945,RYYGDP,4702,2017/10/10,October,2017,late,L1,400,2nd,123,21.4,24,13.3,11.50001585,nd
946,RYYGDY,4672,2017/10/10,October,2017,late,L1,350,2nd,139,34.3,29,15.8,12.77172972,female
947,RYYGDY,2834,2016/10/10,October,2016,late,L1,330,2nd,81,6.6,15,nd,12.41906439,female
948,RYYGDY,3887,2017/5/24,May,2017,late,L1,350,2nd,118,19.5,24,nd,11.86830202,female
949,RYYGDY,4323,2017/7/28,July,2017,late,L1,350,2nd,118,18.7,24,13.7,11.38139732,female
951,RYYGGB,4413,2017/7/29,July,2017,control,C1,610,2nd,120,19.4,24,13.7,11.22685185,nd
952,RYYGGB,2742,2016/8/18,August,2016,control,C1,630,2nd,88,8.1,15,nd,11.88603494,nd
953,RYYGGB,5019,2017/10/13,October,2017,control,C1,610,2nd,121,20.1,23,13.2,11.34592599,nd
954,RYYGGY,3124,2016/10/12,October,2016,control,C1,600,NA,84,6.7,15,nd,11.30412482,female
955,RYYGGY,2738,2016/8/18,August,2016,control,C1,600,NA,80,6,14,nd,11.71875,female
957,RYYGPD,4719,2017/10/10,October,2017,late,L2,460,1st,157,45.8,31,17.9,11.83495254,female
958,RYYGPD,2867,2016/10/10,October,2016,late,L2,480,1st,97,11.1,18,nd,12.16207776,female
959,RYYGPD,4376,2017/7/29,July,2017,late,L2,490,1st,132,26.1,27,15,11.34798397,female
960,RYYGPD,4106,2017/5/27,May,2017,late,L2,490,1st,125,25,24,nd,12.8,female
962,RYYGPG,2860,2016/10/10,October,2016,late,L2,450,3rd,79,5.8,14,nd,11.76377528,nd
963,RYYGPR,2857,2016/10/10,October,2016,late,L2,440,2nd,86,7.7,16,nd,12.10585231,nd
964,RYYGPY,4717,2017/10/10,October,2017,late,L2,450,2nd,132,30.5,27,16.3,13.26105407,nd
965,RYYGPY,4097,2017/5/27,May,2017,late,L2,450,2nd,111,15.2,20,nd,11.114109,nd
967,RYYGPY,4368,2017/7/29,July,2017,late,L2,440,2nd,115,17.5,23,13.3,11.50653407,nd
968,RYYGPY,2862,2016/10/10,October,2016,late,L2,470,2nd,83,6.7,14,nd,11.7176501,nd
969,RYYGRB,5061,2017/10/13,October,2017,control,C1,690,3rd,115,16,22,12.6,10.52025972,nd
970,RYYGRB,2725,2016/8/18,August,2016,control,C1,670,3rd,77,5.7,14,nd,12.48540631,nd
971,RYYGRD,3148,2016/10/12,October,2016,control,C1,660,2nd,95,10.6,17,nd,12.36331827,nd
972,RYYGRD,3518,2017/3/28,March,2017,control,C1,660,2nd,101,14.6,24,nd,14.17061616,nd
973,RYYGRD,2722,2016/8/18,August,2016,control,C1,660,2nd,88,8.7,17,nd,12.76648197,nd
974,RYYGRG,4439,2017/7/29,July,2017,control,C1,660,3rd,104,14,23,10.6,12.44594902,nd
977,RYYGRG,2718,2016/8/18,August,2016,control,C1,640,3rd,78,5.6,15,nd,11.80060352,nd
978,RYYGRG,3140,2016/10/12,October,2016,control,C1,650,3rd,82,6.6,16,nd,11.97022678,nd
979,RYYGRP,2723,2016/8/18,August,2016,control,C1,660,1st,91,10.5,18,nd,13.93365721,nd
980,RYYGRP,4167,2017/5/27,May,2017,control,C1,660,1st,139,21.3,26,nd,7.93113245,nd
981,RYYGRP,3149,2016/10/12,October,2016,control,C1,660,1st,104,14.2,20,nd,12.62374829,nd
982,RYYGRR,4429,2017/7/29,July,2017,control,C1,650,2nd,133,24.7,26,13.3,10.49885724,female
983,RYYGRR,4161,2017/5/27,May,2017,control,C1,640,2nd,131,26.3,25,nd,11.69881468,female
985,RYYGRR,3510,2017/3/28,March,2017,control,C1,650,2nd,110,15.4,22,nd,11.57024793,female
986,RYYGRR,5030,2017/10/13,October,2017,control,C1,640,2nd,133,24.5,24,13.4,10.41384625,female
987,RYYGRR,2717,2016/8/18,August,2016,control,C1,640,2nd,91,9.3,17,nd,12.34123925,female
988,RYYGRY,2719,2016/8/18,August,2016,control,C1,640,3rd,77,5.3,14,nd,11.60923745,female
989,RYYGRY,5031,2017/10/13,October,2017,control,C1,640,3rd,103,11.8,19,11,10.79867158,female
990,RYYGRY,4431,2017/7/29,July,2017,control,C1,650,3rd,105,13.1,22,11.3,11.31627254,female
992,RYYGRY,3507,2017/3/28,March,2017,control,C1,650,3rd,84,6.2,16,nd,10.46053342,female
994,RYYGRY,3141,2016/10/12,October,2016,control,C1,650,3rd,81,5.9,16,nd,11.1018909,female
995,RYYGYR,3130,2016/10/12,October,2016,control,C1,610,3rd,78,5.5,14,nd,11.58987845,nd
997,RYYGYR,4148,2017/5/27,May,2017,control,C1,610,3rd,100,15.6,24,nd,15.6,nd
998,RYYGYR,2743,2016/8/18,August,2016,control,C1,630,3rd,73,4.2,13,nd,10.79644334,nd
999,RYYGYR,3502,2017/3/28,March,2017,control,C1,610,3rd,86,9.1,17,nd,14.30691637,nd
1000,RYYGYR,4412,2017/7/29,July,2017,control,C1,610,3rd,107,17.3,24,13,14.12195327,nd
1001,RYYPRR,3273,2017/3/18,March,2017,early ,E2,240,3rd,80,6.1,17,nd,11.9140625,nd
1002,RYYPRR,3199,2016/10/13,October,2016,early ,E2,240,3rd,75,5.1,14,nd,12.08888889,nd
1004,RYYPRR,4298,2017/7/28,July,2017,early ,E2,230,3rd,117,21.6,27,13.4,13.48640402,nd
1005,RYYPYB,4875,2017/10/11,October,2017,control,C3,1020,1st,152,43,34,16.4,12.24440516,male
1007,RYYPYB,4512,2017/7/30,July,2017,control,C3,1030,1st,147,37.3,30,16.2,11.74239884,male
1008,RYYPYB,3374,2017/3/20,March,2017,control,C3,1030,1st,120,21.7,26,nd,12.55787037,male
1009,RYYPYY,3359,2017/3/20,March,2017,control,C2,990,1st,126,26.1,29,nd,13.04754706,nd
1010,RYYRBB,4419,2017/7/29,July,2017,control,C1,630,2nd,130,24.8,26,13.8,11.28812016,female
1011,RYYRBB,4155,2017/5/27,May,2017,control,C1,630,2nd,125,22,22,nd,11.264,female
1012,RYYRBB,3503,2017/3/28,March,2017,control,C1,620,2nd,104,11.7,20,nd,10.4012574,female
1013,RYYRBB,2710,2016/8/18,August,2016,control,C1,620,2nd,87,8.4,17,nd,12.75620612,female
1015,RYYRBB,5021,2017/10/13,October,2017,control,C1,620,2nd,135,27.2,25,14.5,11.05522532,female
1016,RYYRBD,2695,2016/8/18,August,2016,control,C1,580,NA,94,10.4,18,nd,12.52131031,female
1017,RYYRBD,3110,2016/10/12,October,2016,control,C1,570,NA,103,12.5,18,nd,11.43927074,female
1018,RYYRBG,2689,2016/8/18,August,2016,control,C1,560,1st,98,12.2,19,nd,12.96228612,nd
1019,RYYRBR,2688,2016/8/18,August,2016,control,C1,560,1st,80,7.1,17,nd,13.8671875,nd
1020,RYYRBR,4400,2017/7/29,July,2017,control,C1,580,1st,150,39.4,32,16.3,11.67407407,nd
1021,RYYRBR,3483,2017/3/28,March,2017,control,C1,570,1st,123,22.9,27,nd,12.30609173,nd
1025,RYYRBY,2694,2016/8/18,August,2016,control,C1,580,1st,85,7.3,16,nd,11.88683086,nd
1026,RYYRBY,4402,2017/7/29,July,2017,control,C1,590,1st,148,37.1,32,16.5,11.4442876,nd
1027,RYYRDB,3371,2017/3/20,March,2017,control,C2,1010,2nd,98,12.2,22,nd,12.96228612,female
1028,RYYRDB,2675,2016/8/18,August,2016,control,C2,1000,2nd,82,6.4,14,nd,11.60749264,female
1029,RYYRDB,3081,2016/10/12,October,2016,control,C2,1000,2nd,88,7.7,16,nd,11.29907025,female
1030,RYYRDB,4033,2017/5/26,May,2017,control,C2,1010,2nd,111,11.1,22,nd,8.116224332,female
1031,RYYRDB,4505,2017/7/30,July,2017,control,C2,1010,2nd,112,15.2,21,13,10.81905977,female
1032,RYYRDG,4269,2017/7/28,July,2017,early ,Einterval,150,1st,158,51.5,35,19.5,13.05677644,female
1033,RYYRDG,3306,2017/3/19,March,2017,early ,Einterval,150,1st,115,17.4,24,nd,11.44078244,female
1034,RYYRDG,2608,2016/8/17,August,2016,early ,Einterval,150,1st,83,10.6,17,nd,18.53837181,female
1035,RYYRDG,4772,2017/10/10,October,2017,early ,Einterval,145,1st,159,45.2,30,17.9,11.24467899,female
1036,RYYRDP,3051,2016/10/12,October,2016,control,C2,940,2nd,84,6.5,13,nd,10.96668826,female
1037,RYYRDP,2622,2016/8/18,August,2016,control,C2,930,2nd,81,6.1,14,nd,11.47822618,female
1038,RYYRGG,2588,2016/8/17,August,2016,early ,Einterval,110,2nd,82,7.5,16,nd,13.60253043,nd
1039,RYYRGP,2919,2016/10/11,October,2016,early ,E1,40,1st,97,10.8,18,nd,11.83337296,nd
1040,RYYRGP,2598,2016/8/17,August,2016,early ,Einterval,120,1st,93,9.8,17,nd,12.18364482,nd
1041,RYYRGP,3957,2017/5/25,May,2017,early ,E1,55,1st,133,27.2,28,nd,11.56149461,nd
1042,RYYRGY,2942,2016/10/11,October,2016,early ,E1,70,1st,100,14,22,nd,14,female
1043,RYYRGY,2589,2016/8/17,August,2016,early ,Einterval,110,1st,96,13.8,23,nd,15.59787326,female
1044,RYYRPB,2686,2016/8/18,August,2016,control,C3,1090,1st,104,13,19,nd,11.55695266,nd
1045,RYYRPD,4526,2017/7/30,July,2017,control,C3,1070,1st,131,30.7,30,14.8,13.65603083,nd
1046,RYYRPD,3381,2017/3/20,March,2017,control,C3,1050,1st,113,14.5,22,nd,10.04922735,nd
1047,RYYRPD,2682,2016/8/18,August,2016,control,C3,1080,1st,86,8.1,15,nd,12.73472776,nd
1048,RYYRPD,3106,2016/10/12,October,2016,control,C3,1090,1st,100,12.6,18,nd,12.6,nd
1049,RYYRPR,2677,2016/8/18,August,2016,control,C3,1020,1st,95,11.2,18,nd,13.06312874,nd
1050,RYYRPY,3099,2016/10/12,October,2016,control,C3,1090,1st,103,12.5,17,nd,11.43927074,female
1051,RYYRPY,2680,2016/8/18,August,2016,control,C3,1070,1st,91,10.1,15,nd,13.40285122,female
1054,RYYRPY,4888,2017/10/11,October,2017,control,C3,1080,1st,154,43.8,30,18,11.99256133,female
1055,RYYRPY,4525,2017/7/30,July,2017,control,C3,1070,1st,151,39.1,30,15.8,11.35653688,female
1056,RYYRRD,2585,2016/8/17,August,2016,early ,Einterval,100,1st,97,11.8,19,nd,12.92905564,nd
1057,RYYRRG,2944,2016/10/11,October,2016,early ,E1,70,1st,98,11.1,18,nd,11.79355541,female
1058,RYYRRG,2581,2016/8/17,August,2016,early ,E1,80,1st,93,9.7,17,nd,12.05932192,female
1059,RYYRRR,4949,2017/10/12,October,2017,early ,E1,80,1st,163,41,29,16.3,9.467188917,male
1060,RYYRRR,4244,2017/7/27,July,2017,early ,E1,90,1st,137,31.9,30,15.1,12.40592015,male
1061,RYYRRR,3244,2017/3/18,March,2017,early ,E1,90,1st,131,21.6,25,nd,9.608151983,male
1062,RYYRRR,2578,2016/8/17,August,2016,early ,E1,70,1st,122,21.7,22,nd,11.95033946,male
1063,RYYRRY,2583,2016/8/17,August,2016,early ,E1,90,2nd,92,9.1,17,nd,11.68632366,female
1064,RYYRRY,4252,2017/7/27,July,2017,early ,E1,90,2nd,130,25.9,28,15.2,11.78880291,female
1065,RYYRRY,3247,2017/3/18,March,2017,early ,E1,90,2nd,102,10.4,20,nd,9.800152279,female
1067,RYYRYD,2966,2016/10/11,October,2016,early ,Einterval,130,1st,102,13.6,19,nd,12.81558375,nd
1068,RYYRYD,2605,2016/8/17,August,2016,early ,Einterval,140,1st,87,8.4,17,nd,12.75620612,nd
1069,RYYRYR,2960,2016/10/11,October,2016,early ,Einterval,100,2nd,88,8.4,17,nd,12.32625845,nd
1070,RYYRYR,2599,2016/8/17,August,2016,early ,Einterval,100,2nd,79,6.2,15,nd,12.57507013,nd
1071,RYYRYR,3298,2017/3/19,March,2017,early ,Einterval,100,2nd,106,13.5,22,nd,11.33486032,nd
1072,RYYRYR,4260,2017/7/28,July,2017,early ,Einterval,115,2nd,144,38.9,33,16.3,13.02753129,nd
1073,RYYRYY,2604,2016/8/17,August,2016,early ,Einterval,140,2nd,82,4.3,13,nd,7.798784115,female
1074,RYYRYY,2963,2016/10/11,October,2016,early ,Einterval,120,2nd,80,6.1,14,nd,11.9140625,female
1075,RYYYBG,3032,2016/10/12,October,2016,control,C2,920,3rd,78,5.4,13,nd,11.37915339,nd
1076,RYYYBR,4058,2017/5/26,May,2017,late,L3,770,3rd,100,12.6,20,nd,12.6,nd
1077,RYYYBR,3025,2016/10/11,October,2016,late,L3,880,3rd,83,8.6,17,nd,15.04056581,nd
1078,RYYYBY,3037,2016/10/12,October,2016,control,C2,930,2nd,89,8.2,15,nd,11.63171714,nd
1079,RYYYBY,4480,2017/7/30,July,2017,control,C2,940,2nd,127,23.4,24,14.1,11.42364489,nd
1081,RYYYBY,3345,2017/3/20,March,2017,control,C2,940,2nd,99,12.6,21,nd,12.98568792,nd
1082,RYYYBY,4846,2017/10/11,October,2017,control,C2,940,2nd,128,22.5,23,13.9,10.72883606,nd
1083,RYYYBY,3995,2017/5/26,May,2017,control,C2,930,2nd,118,19.9,23,nd,12.11175437,nd
1084,RYYYDD,3000,2016/10/11,October,2016,late,L3,770,1st,103,17.7,22,nd,16.19800737,nd
1086,RYYYDG,2996,2016/10/11,October,2016,late,L3,760,2nd,81,7.4,12,nd,13.92440553,nd
1087,RYYYDG,4589,2017/7/31,July,2017,late,L3,765,2nd,133,26.5,27,15.2,11.26395615,nd
1088,RYYYDP,3606,2017/3/29,March,2017,late,L3,765,3rd,77,5.2,14,nd,11.39019523,nd
1089,RYYYDP,4805,2017/10/11,October,2017,late,L3,800,3rd,123,25.2,26,17.3,13.54207474,nd
1090,RYYYDP,3002,2016/10/11,October,2016,late,L3,770,3rd,69,4.9,14,nd,14.91587749,nd
1092,RYYYDR,2986,2016/10/11,October,2016,late,L3,740,3rd,78,6,15,nd,12.64350377,nd
1093,RYYYDR,3605,2017/3/29,March,2017,late,L3,765,3rd,86,8.8,19,nd,13.83525979,nd
1095,RYYYDY,2997,2016/10/11,October,2016,late,L3,760,2nd,93,11,18,nd,13.6755197,nd
1097,RYYYDY,3601,2017/3/29,March,2017,late,L3,765,2nd,103,13.6,21,nd,12.44592657,nd
1098,RYYYGB,2953,2016/10/11,October,2016,early ,E1,90,2nd,81,6.2,12,nd,11.66639382,nd
1099,RYYYGD,2949,2016/10/11,October,2016,early ,E1,90,1st,98,11,17,nd,11.68730716,nd
1100,RYYYGP,4237,2017/7/27,July,2017,early ,E1,75,2nd,123,23.6,27,14.4,12.68226047,nd
1101,RYYYGP,2952,2016/10/11,October,2016,early ,E1,90,2nd,93,9.8,18,nd,12.18364482,nd
1105,RYYYGR,2928,2016/10/11,October,2016,early ,E1,40,3rd,72,4.5,13,nd,12.05632716,nd
1106,RYYYGR,4215,2017/7/27,July,2017,early ,E1,40,3rd,120,20.6,26,13.4,11.9212963,nd
1107,RYYYPB,3024,2016/10/11,October,2016,late,L3,870,1st,98,12.8,20,nd,13.5997756,female
1108,RYYYPB,4840,2017/10/11,October,2017,control,C2,930,1st,149,33.2,26,16.9,10.03643043,female
1110,RYYYPB,3623,2017/3/29,March,2017,late,L3,875,1st,144,33.1,29,nd,11.08512303,female
1112,RYYYPB,4476,2017/7/30,July,2017,control,C2,930,1st,149,36,29,16.4,10.88287637,female
1113,RYYYPR,4797,2017/10/11,October,2017,late,L3,780,2nd,134,30.8,28,16.1,12.80077669,nd
1114,RYYYPR,4600,2017/7/31,July,2017,late,L3,780,2nd,113,17,24,12.8,11.78185276,nd
1115,RYYYPR,3003,2016/10/11,October,2016,late,L3,770,2nd,88,9.4,18,nd,13.79367017,nd
1116,RYYYRB,4923,2017/10/12,October,2017,early ,E1,40,1st,144,37.1,29,15.1,12.42471493,nd
1117,RYYYRB,3946,2017/5/25,May,2017,early ,E1,40,1st,126,22.9,27,nd,11.4478478,nd
1118,RYYYRB,4212,2017/7/27,July,2017,early ,E1,40,1st,142,40.7,33,16.9,14.21442761,nd
1119,RYYYRB,2927,2016/10/11,October,2016,early ,E1,40,1st,94,10.8,17,nd,13.00289916,nd
1120,RYYYRD,2922,2016/10/11,October,2016,early ,E1,40,2nd,88,7.7,15,nd,11.29907025,nd
1121,RYYYRP,2923,2016/10/11,October,2016,early ,E1,40,1st,114,16.4,19,nd,11.06953287,nd
1122,RYYYRY,2921,2016/10/11,October,2016,early ,E1,40,2nd,94,11.2,17,nd,13.48448802,nd
1123,RYYYRY,3981,2017/5/25,May,2017,early ,E1,40,2nd,117,18.1,23,nd,11.30110707,nd
1125,RYYYYB,3593,2017/3/29,March,2017,late,L3,750,1st,108,15.4,23,nd,12.22501651,nd
1126,RYYYYB,4800,2017/10/11,October,2017,late,L3,790,1st,155,43.9,31,18.1,11.78879527,nd
1127,RYYYYB,4572,2017/7/31,July,2017,late,L3 sita,720,1st,135,28.7,28,15.3,11.66488848,nd
1128,RYYYYB,2983,2016/10/11,October,2016,late,L3,740,1st,94,11,18,nd,13.24369359,nd
1129,RYYYYD,4187,2017/5/27,May,2017,control,C1,690,NA,130,25.7,26,nd,11.69776969,nd
1130,RYYYYD,2977,2016/10/11,October,2016,late,L3,730,NA,96,12.5,22,nd,14.12850839,nd
1132,RYYYYD,4459,2017/7/29,July,2017,control,C1,690,NA,130,23,25,13.3,10.46882112,nd
1134,RYYYYP,3697,2017/3/30,March,2017,late,L3,740,3rd,80,5,15,nd,9.765625,nd
1135,RYYYYP,2981,2016/10/11,October,2016,late,L3,740,3rd,72,4.9,13,nd,13.12800069,nd
